pedido_id,cliente_id,endereco_id,cupom_id,data_pedido,data,ano_mes,ano,mes,semana_iso,dia_semana_num,dia_semana_nome,hora_pedido,subtotal,desconto,total,forma_pagamento,troco_para,usou_cupom,status,foi_cancelado,foi_entregue,nota_avaliacao,nps_categoria,min_espera_producao,min_tempo_producao,min_tempo_entrega,min_ciclo_total,recebido_em,em_producao_em,saiu_entrega_em,entregue_em,cancelado_em,qtd_itens
1,54,73,,2026-02-11 17:49:37,2026-02-11,2026-02,2026,2,7,4,Wednesday,17,61.9,0.0,61.9,pix,,0,saiu_para_entrega,0,0,,sem_avaliacao,3,27,,,2026-02-11 17:49:37,2026-02-11 17:52:37,2026-02-11 18:19:37,,,1
2,32,45,,2026-01-03 14:31:01,2026-01-03,2026-01,2026,1,1,7,Saturday,14,71.4,0.0,71.4,cartao_credito,,0,entregue,0,1,4.0,promotor,9,20,41,70,2026-01-03 14:31:01,2026-01-03 14:40:01,2026-01-03 15:00:01,2026-01-03 15:41:01,,2
3,21,30,,2026-01-26 20:24:17,2026-01-26,2026-01,2026,1,5,2,Monday,20,42.9,0.0,42.9,pix,,0,entregue,0,1,,sem_avaliacao,9,23,41,73,2026-01-26 20:24:17,2026-01-26 20:33:17,2026-01-26 20:56:17,2026-01-26 21:37:17,,1
4,16,22,,2025-12-30 21:39:09,2025-12-30,2025-12,2025,12,53,3,Tuesday,21,64.9,0.0,64.9,dinheiro,74.9,0,entregue,0,1,,sem_avaliacao,10,18,33,61,2025-12-30 21:39:09,2025-12-30 21:49:09,2025-12-30 22:07:09,2025-12-30 22:40:09,,1
5,7,10,,2026-03-13 02:19:36,2026-03-13,2026-03,2026,3,11,6,Friday,2,57.9,0.0,57.9,cartao_debito,,0,entregue,0,1,,sem_avaliacao,9,27,45,81,2026-03-13 02:19:36,2026-03-13 02:28:36,2026-03-13 02:55:36,2026-03-13 03:40:36,,1
6,37,52,,2026-04-22 03:34:27,2026-04-22,2026-04,2026,4,17,4,Wednesday,3,124.8,0.0,124.8,cartao_debito,,0,entregue,0,1,,sem_avaliacao,4,25,15,44,2026-04-22 03:34:27,2026-04-22 03:38:27,2026-04-22 04:03:27,2026-04-22 04:18:27,,2
7,35,49,,2026-04-20 18:27:52,2026-04-20,2026-04,2026,4,17,2,Monday,18,180.2,0.0,180.2,pix,,0,entregue,0,1,1.0,detrator,7,25,42,74,2026-04-20 18:27:52,2026-04-20 18:34:52,2026-04-20 18:59:52,2026-04-20 19:41:52,,4
8,16,22,,2026-04-10 17:35:48,2026-04-10,2026-04,2026,4,15,6,Friday,17,63.9,0.0,63.9,cartao_debito,,0,entregue,0,1,4.0,promotor,10,30,29,69,2026-04-10 17:35:48,2026-04-10 17:45:48,2026-04-10 18:15:48,2026-04-10 18:44:48,,1
9,45,62,1.0,2026-02-17 14:16:14,2026-02-17,2026-02,2026,2,8,3,Tuesday,14,197.03,19.7,177.33,cartao_debito,,1,entregue,0,1,,sem_avaliacao,6,25,18,49,2026-02-17 14:16:14,2026-02-17 14:22:14,2026-02-17 14:47:14,2026-02-17 15:05:14,,4
10,36,51,4.0,2026-01-17 20:08:40,2026-01-17,2026-01,2026,1,3,7,Saturday,20,66.9,13.38,53.52,cartao_credito,,1,cancelado,1,0,,sem_avaliacao,,,,,2026-01-17 20:08:40,,,,2026-01-17 20:10:40,2
11,5,6,,2026-03-13 19:03:09,2026-03-13,2026-03,2026,3,11,6,Friday,19,123.47,0.0,123.47,pix,,0,entregue,0,1,,sem_avaliacao,7,17,22,46,2026-03-13 19:03:09,2026-03-13 19:10:09,2026-03-13 19:27:09,2026-03-13 19:49:09,,2
12,49,67,,2025-12-31 19:16:42,2025-12-31,2025-12,2025,12,53,4,Wednesday,19,69.4,0.0,69.4,pix,,0,entregue,0,1,5.0,promotor,6,20,32,58,2025-12-31 19:16:42,2025-12-31 19:22:42,2025-12-31 19:42:42,2025-12-31 20:14:42,,2
13,52,71,,2025-12-29 17:34:14,2025-12-29,2025-12,2025,12,53,2,Monday,17,136.47,0.0,136.47,pix,,0,entregue,0,1,1.0,detrator,7,19,17,43,2025-12-29 17:34:14,2025-12-29 17:41:14,2025-12-29 18:00:14,2025-12-29 18:17:14,,3
14,54,73,,2026-05-07 19:01:48,2026-05-07,2026-05,2026,5,19,5,Thursday,19,120.9,0.0,120.9,cartao_debito,,0,entregue,0,1,4.0,promotor,7,16,39,62,2026-05-07 19:01:48,2026-05-07 19:08:48,2026-05-07 19:24:48,2026-05-07 20:03:48,,2
15,11,15,,2026-01-24 17:31:18,2026-01-24,2026-01,2026,1,4,7,Saturday,17,54.57,0.0,54.57,pix,,0,entregue,0,1,5.0,promotor,9,16,29,54,2026-01-24 17:31:18,2026-01-24 17:40:18,2026-01-24 17:56:18,2026-01-24 18:25:18,,1
16,32,45,1.0,2026-03-22 18:03:13,2026-03-22,2026-03,2026,3,12,1,Sunday,18,65.9,6.59,59.31,cartao_debito,,1,entregue,0,1,3.0,neutro,5,24,29,58,2026-03-22 18:03:13,2026-03-22 18:08:13,2026-03-22 18:32:13,2026-03-22 19:01:13,,2
17,60,80,,2026-04-09 15:45:17,2026-04-09,2026-04,2026,4,15,5,Thursday,15,56.9,0.0,56.9,cartao_credito,,0,entregue,0,1,,sem_avaliacao,10,30,22,62,2026-04-09 15:45:17,2026-04-09 15:55:17,2026-04-09 16:25:17,2026-04-09 16:47:17,,1
18,27,37,,2026-01-26 22:32:17,2026-01-26,2026-01,2026,1,5,2,Monday,22,122.3,0.0,122.3,cartao_credito,,0,cancelado,1,0,,sem_avaliacao,,,,,2026-01-26 22:32:17,,,,2026-01-26 22:43:17,3
19,3,4,1.0,2026-01-22 20:45:58,2026-01-22,2026-01,2026,1,4,5,Thursday,20,56.9,5.69,51.21,dinheiro,101.21,1,entregue,0,1,,sem_avaliacao,9,19,30,58,2026-01-22 20:45:58,2026-01-22 20:54:58,2026-01-22 21:13:58,2026-01-22 21:43:58,,1
20,10,14,,2025-12-06 18:16:21,2025-12-06,2025-12,2025,12,49,7,Saturday,18,123.8,0.0,123.8,pix,,0,entregue,0,1,3.0,neutro,9,17,42,68,2025-12-06 18:16:21,2025-12-06 18:25:21,2025-12-06 18:42:21,2025-12-06 19:24:21,,3
21,11,15,,2026-04-05 15:01:02,2026-04-05,2026-04,2026,4,14,1,Sunday,15,70.9,0.0,70.9,pix,,0,entregue,0,1,,sem_avaliacao,3,24,26,53,2026-04-05 15:01:02,2026-04-05 15:04:02,2026-04-05 15:28:02,2026-04-05 15:54:02,,2
22,10,14,,2026-01-05 18:16:29,2026-01-05,2026-01,2026,1,2,2,Monday,18,62.9,0.0,62.9,pix,,0,entregue,0,1,4.0,promotor,3,29,43,75,2026-01-05 18:16:29,2026-01-05 18:19:29,2026-01-05 18:48:29,2026-01-05 19:31:29,,1
23,31,44,,2025-12-12 13:36:22,2025-12-12,2025-12,2025,12,50,6,Friday,13,53.9,0.0,53.9,cartao_credito,,0,entregue,0,1,,sem_avaliacao,7,15,41,63,2025-12-12 13:36:22,2025-12-12 13:43:22,2025-12-12 13:58:22,2025-12-12 14:39:22,,1
24,15,20,,2026-03-25 12:16:43,2026-03-25,2026-03,2026,3,13,4,Wednesday,12,60.9,0.0,60.9,cartao_credito,,0,entregue,0,1,5.0,promotor,5,18,43,66,2026-03-25 12:16:43,2026-03-25 12:21:43,2026-03-25 12:39:43,2026-03-25 13:22:43,,2
25,33,46,,2026-05-17 14:10:16,2026-05-17,2026-05,2026,5,20,1,Sunday,14,120.8,0.0,120.8,cartao_debito,,0,em_producao,0,0,,sem_avaliacao,10,,,,2026-05-17 14:10:16,2026-05-17 14:20:16,,,,3
26,44,61,,2026-04-15 20:37:24,2026-04-15,2026-04,2026,4,16,4,Wednesday,20,117.8,0.0,117.8,cartao_credito,,0,cancelado,1,0,,sem_avaliacao,,,,,2026-04-15 20:37:24,,,,2026-04-15 20:42:24,3
27,7,10,,2026-01-06 21:08:24,2026-01-06,2026-01,2026,1,2,3,Tuesday,21,55.4,0.0,55.4,cartao_credito,,0,entregue,0,1,4.0,promotor,9,19,43,71,2026-01-06 21:08:24,2026-01-06 21:17:24,2026-01-06 21:36:24,2026-01-06 22:19:24,,1
28,44,61,,2026-01-31 19:41:22,2026-01-31,2026-01,2026,1,5,7,Saturday,19,104.8,0.0,104.8,pix,,0,entregue,0,1,,sem_avaliacao,7,21,45,73,2026-01-31 19:41:22,2026-01-31 19:48:22,2026-01-31 20:09:22,2026-01-31 20:54:22,,2
29,36,51,,2025-12-31 19:52:55,2025-12-31,2025-12,2025,12,53,4,Wednesday,19,65.9,0.0,65.9,cartao_debito,,0,entregue,0,1,,sem_avaliacao,5,15,23,43,2025-12-31 19:52:55,2025-12-31 19:57:55,2025-12-31 20:12:55,2025-12-31 20:35:55,,2
30,38,53,,2026-01-23 01:16:03,2026-01-23,2026-01,2026,1,4,6,Friday,1,84.9,0.0,84.9,pix,,0,entregue,0,1,4.0,promotor,9,18,38,65,2026-01-23 01:16:03,2026-01-23 01:25:03,2026-01-23 01:43:03,2026-01-23 02:21:03,,2
31,31,44,,2026-05-05 17:43:06,2026-05-05,2026-05,2026,5,19,3,Tuesday,17,123.13,0.0,123.13,pix,,0,entregue,0,1,,sem_avaliacao,10,17,43,70,2026-05-05 17:43:06,2026-05-05 17:53:06,2026-05-05 18:10:06,2026-05-05 18:53:06,,2
32,8,11,4.0,2026-05-06 19:56:49,2026-05-06,2026-05,2026,5,19,4,Wednesday,19,62.4,12.48,49.92,cartao_debito,,1,entregue,0,1,5.0,promotor,6,28,29,63,2026-05-06 19:56:49,2026-05-06 20:02:49,2026-05-06 20:30:49,2026-05-06 20:59:49,,2
33,7,10,,2026-04-15 20:51:08,2026-04-15,2026-04,2026,4,16,4,Wednesday,20,119.13,0.0,119.13,pix,,0,entregue,0,1,4.0,promotor,8,18,28,54,2026-04-15 20:51:08,2026-04-15 20:59:08,2026-04-15 21:17:08,2026-04-15 21:45:08,,3
34,28,39,,2026-05-04 19:49:52,2026-05-04,2026-05,2026,5,19,2,Monday,19,98.8,0.0,98.8,pix,,0,entregue,0,1,5.0,promotor,3,23,15,41,2026-05-04 19:49:52,2026-05-04 19:52:52,2026-05-04 20:15:52,2026-05-04 20:30:52,,2
35,30,42,,2026-01-26 10:19:46,2026-01-26,2026-01,2026,1,5,2,Monday,10,124.8,0.0,124.8,pix,,0,entregue,0,1,5.0,promotor,4,16,19,39,2026-01-26 10:19:46,2026-01-26 10:23:46,2026-01-26 10:39:46,2026-01-26 10:58:46,,2
36,34,48,,2026-03-31 15:14:25,2026-03-31,2026-03,2026,3,14,3,Tuesday,15,68.9,0.0,68.9,pix,,0,recebido,0,0,,sem_avaliacao,,,,,2026-03-31 15:14:25,,,,,2
37,46,63,,2026-01-05 18:53:42,2026-01-05,2026-01,2026,1,2,2,Monday,18,81.9,0.0,81.9,cartao_debito,,0,entregue,0,1,,sem_avaliacao,4,27,42,73,2026-01-05 18:53:42,2026-01-05 18:57:42,2026-01-05 19:24:42,2026-01-05 20:06:42,,2
38,11,15,,2026-04-26 22:29:53,2026-04-26,2026-04,2026,4,17,1,Sunday,22,73.9,0.0,73.9,cartao_debito,,0,entregue,0,1,5.0,promotor,8,17,28,53,2026-04-26 22:29:53,2026-04-26 22:37:53,2026-04-26 22:54:53,2026-04-26 23:22:53,,2
39,13,17,,2026-05-16 20:22:46,2026-05-16,2026-05,2026,5,20,7,Saturday,20,61.9,0.0,61.9,pix,,0,saiu_para_entrega,0,0,,sem_avaliacao,5,22,,,2026-05-16 20:22:46,2026-05-16 20:27:46,2026-05-16 20:49:46,,,1
40,37,52,4.0,2026-04-18 19:43:59,2026-04-18,2026-04,2026,4,16,7,Saturday,19,78.4,15.68,62.72,pix,,1,cancelado,1,0,,sem_avaliacao,,,,,2026-04-18 19:43:59,,,,2026-04-18 19:52:59,2
41,5,6,2.0,2026-03-26 21:54:05,2026-03-26,2026-03,2026,3,13,5,Thursday,21,145.63,21.84,123.79,cartao_credito,,1,entregue,0,1,5.0,promotor,9,29,33,71,2026-03-26 21:54:05,2026-03-26 22:03:05,2026-03-26 22:32:05,2026-03-26 23:05:05,,3
42,34,48,,2026-03-19 10:23:58,2026-03-19,2026-03,2026,3,12,5,Thursday,10,119.8,0.0,119.8,cartao_credito,,0,entregue,0,1,,sem_avaliacao,9,25,36,70,2026-03-19 10:23:58,2026-03-19 10:32:58,2026-03-19 10:57:58,2026-03-19 11:33:58,,2
43,22,31,,2025-12-07 19:09:58,2025-12-07,2025-12,2025,12,49,1,Sunday,19,54.57,0.0,54.57,cartao_debito,,0,entregue,0,1,5.0,promotor,9,19,34,62,2025-12-07 19:09:58,2025-12-07 19:18:58,2025-12-07 19:37:58,2025-12-07 20:11:58,,1
44,2,3,,2026-01-30 15:13:21,2026-01-30,2026-01,2026,1,5,6,Friday,15,57.9,0.0,57.9,dinheiro,77.9,0,saiu_para_entrega,0,0,,sem_avaliacao,10,21,,,2026-01-30 15:13:21,2026-01-30 15:23:21,2026-01-30 15:44:21,,,1
45,57,76,,2026-04-19 19:38:24,2026-04-19,2026-04,2026,4,16,1,Sunday,19,61.9,0.0,61.9,cartao_credito,,0,entregue,0,1,5.0,promotor,5,20,38,63,2026-04-19 19:38:24,2026-04-19 19:43:24,2026-04-19 20:03:24,2026-04-19 20:41:24,,1
46,13,17,,2026-01-31 20:36:28,2026-01-31,2026-01,2026,1,5,7,Saturday,20,194.37,0.0,194.37,cartao_credito,,0,entregue,0,1,,sem_avaliacao,7,27,31,65,2026-01-31 20:36:28,2026-01-31 20:43:28,2026-01-31 21:10:28,2026-01-31 21:41:28,,4
47,15,20,,2026-04-29 18:22:59,2026-04-29,2026-04,2026,4,18,4,Wednesday,18,41.9,0.0,41.9,pix,,0,entregue,0,1,5.0,promotor,3,27,31,61,2026-04-29 18:22:59,2026-04-29 18:25:59,2026-04-29 18:52:59,2026-04-29 19:23:59,,1
48,19,28,4.0,2026-05-18 21:44:53,2026-05-18,2026-05,2026,5,21,2,Monday,21,62.9,12.58,50.32,pix,,1,entregue,0,1,3.0,neutro,10,29,34,73,2026-05-18 21:44:53,2026-05-18 21:54:53,2026-05-18 22:23:53,2026-05-18 22:57:53,,1
49,41,58,,2026-04-24 19:04:07,2026-04-24,2026-04,2026,4,17,6,Friday,19,129.8,0.0,129.8,cartao_credito,,0,cancelado,1,0,,sem_avaliacao,,,,,2026-04-24 19:04:07,,,,2026-04-24 19:14:07,3
50,33,46,,2026-04-23 23:35:01,2026-04-23,2026-04,2026,4,17,5,Thursday,23,40.4,0.0,40.4,pix,,0,entregue,0,1,,sem_avaliacao,10,16,35,61,2026-04-23 23:35:01,2026-04-23 23:45:01,2026-04-24 00:01:01,2026-04-24 00:36:01,,1
51,48,66,,2026-04-17 16:02:22,2026-04-17,2026-04,2026,4,16,6,Friday,16,79.4,0.0,79.4,cartao_credito,,0,entregue,0,1,4.0,promotor,5,29,37,71,2026-04-17 16:02:22,2026-04-17 16:07:22,2026-04-17 16:36:22,2026-04-17 17:13:22,,2
52,35,49,,2026-02-21 14:48:41,2026-02-21,2026-02,2026,2,8,7,Saturday,14,68.23,0.0,68.23,cartao_credito,,0,entregue,0,1,,sem_avaliacao,8,16,42,66,2026-02-21 14:48:41,2026-02-21 14:56:41,2026-02-21 15:12:41,2026-02-21 15:54:41,,2
53,34,48,4.0,2026-01-12 21:46:27,2026-01-12,2026-01,2026,1,3,2,Monday,21,80.9,16.18,64.72,pix,,1,entregue,0,1,4.0,promotor,5,24,25,54,2026-01-12 21:46:27,2026-01-12 21:51:27,2026-01-12 22:15:27,2026-01-12 22:40:27,,2
54,43,60,,2026-03-25 17:32:51,2026-03-25,2026-03,2026,3,13,4,Wednesday,17,118.8,0.0,118.8,cartao_debito,,0,entregue,0,1,5.0,promotor,5,15,19,39,2026-03-25 17:32:51,2026-03-25 17:37:51,2026-03-25 17:52:51,2026-03-25 18:11:51,,3
55,34,48,,2026-01-31 17:41:17,2026-01-31,2026-01,2026,1,5,7,Saturday,17,66.9,0.0,66.9,pix,,0,entregue,0,1,3.0,neutro,4,15,38,57,2026-01-31 17:41:17,2026-01-31 17:45:17,2026-01-31 18:00:17,2026-01-31 18:38:17,,2
56,12,16,,2026-05-15 20:05:51,2026-05-15,2026-05,2026,5,20,6,Friday,20,52.9,0.0,52.9,pix,,0,entregue,0,1,3.0,neutro,8,26,37,71,2026-05-15 20:05:51,2026-05-15 20:13:51,2026-05-15 20:39:51,2026-05-15 21:16:51,,1
57,9,12,,2026-01-06 20:01:23,2026-01-06,2026-01,2026,1,2,3,Tuesday,20,54.9,0.0,54.9,dinheiro,104.9,0,entregue,0,1,,sem_avaliacao,8,29,40,77,2026-01-06 20:01:23,2026-01-06 20:09:23,2026-01-06 20:38:23,2026-01-06 21:18:23,,1
58,5,6,,2025-12-15 23:41:04,2025-12-15,2025-12,2025,12,51,2,Monday,23,110.8,0.0,110.8,cartao_debito,,0,entregue,0,1,,sem_avaliacao,8,19,43,70,2025-12-15 23:41:04,2025-12-15 23:49:04,2025-12-16 00:08:04,2025-12-16 00:51:04,,3
59,55,74,,2025-12-06 13:40:35,2025-12-06,2025-12,2025,12,49,7,Saturday,13,143.8,0.0,143.8,cartao_credito,,0,entregue,0,1,4.0,promotor,7,17,31,55,2025-12-06 13:40:35,2025-12-06 13:47:35,2025-12-06 14:04:35,2025-12-06 14:35:35,,3
60,41,58,,2025-11-27 18:40:34,2025-11-27,2025-11,2025,11,48,5,Thursday,18,110.8,0.0,110.8,cartao_debito,,0,entregue,0,1,,sem_avaliacao,7,30,22,59,2025-11-27 18:40:34,2025-11-27 18:47:34,2025-11-27 19:17:34,2025-11-27 19:39:34,,3
61,56,75,,2026-01-27 23:08:48,2026-01-27,2026-01,2026,1,5,3,Tuesday,23,57.9,0.0,57.9,cartao_credito,,0,entregue,0,1,5.0,promotor,4,25,22,51,2026-01-27 23:08:48,2026-01-27 23:12:48,2026-01-27 23:37:48,2026-01-27 23:59:48,,1
62,21,30,4.0,2026-03-13 20:12:48,2026-03-13,2026-03,2026,3,11,6,Friday,20,50.9,10.18,40.72,pix,,1,entregue,0,1,5.0,promotor,10,30,43,83,2026-03-13 20:12:48,2026-03-13 20:22:48,2026-03-13 20:52:48,2026-03-13 21:35:48,,1
63,35,49,1.0,2025-11-23 21:27:08,2025-11-23,2025-11,2025,11,47,1,Sunday,21,129.8,12.98,116.82,cartao_credito,,1,cancelado,1,0,,sem_avaliacao,,,,,2025-11-23 21:27:08,,,,2025-11-23 21:29:08,2
64,26,36,,2026-02-01 21:21:35,2026-02-01,2026-02,2026,2,5,1,Sunday,21,41.9,0.0,41.9,cartao_credito,,0,em_producao,0,0,,sem_avaliacao,5,,,,2026-02-01 21:21:35,2026-02-01 21:26:35,,,,1
65,10,14,,2026-03-19 21:08:20,2026-03-19,2026-03,2026,3,12,5,Thursday,21,130.8,0.0,130.8,dinheiro,150.8,0,em_producao,0,0,,sem_avaliacao,8,,,,2026-03-19 21:08:20,2026-03-19 21:16:20,,,,3
66,51,70,,2026-05-15 20:44:40,2026-05-15,2026-05,2026,5,20,6,Friday,20,176.7,0.0,176.7,cartao_credito,,0,entregue,0,1,,sem_avaliacao,10,23,45,78,2026-05-15 20:44:40,2026-05-15 20:54:40,2026-05-15 21:17:40,2026-05-15 22:02:40,,4
67,59,79,,2026-02-21 21:47:46,2026-02-21,2026-02,2026,2,8,7,Saturday,21,111.47,0.0,111.47,pix,,0,entregue,0,1,4.0,promotor,5,21,32,58,2026-02-21 21:47:46,2026-02-21 21:52:46,2026-02-21 22:13:46,2026-02-21 22:45:46,,3
68,46,63,,2026-02-24 15:22:35,2026-02-24,2026-02,2026,2,9,3,Tuesday,15,57.23,0.0,57.23,cartao_credito,,0,em_producao,0,0,,sem_avaliacao,7,,,,2026-02-24 15:22:35,2026-02-24 15:29:35,,,,2
69,17,24,2.0,2026-04-15 18:12:52,2026-04-15,2026-04,2026,4,16,4,Wednesday,18,99.8,14.97,84.83,cartao_credito,,1,entregue,0,1,5.0,promotor,7,19,18,44,2026-04-15 18:12:52,2026-04-15 18:19:52,2026-04-15 18:38:52,2026-04-15 18:56:52,,2
70,42,59,,2026-05-11 21:30:41,2026-05-11,2026-05,2026,5,20,2,Monday,21,160.7,0.0,160.7,cartao_credito,,0,entregue,0,1,,sem_avaliacao,7,25,24,56,2026-05-11 21:30:41,2026-05-11 21:37:41,2026-05-11 22:02:41,2026-05-11 22:26:41,,3
71,1,1,,2026-01-18 19:06:59,2026-01-18,2026-01,2026,1,3,1,Sunday,19,74.9,0.0,74.9,cartao_credito,,0,recebido,0,0,,sem_avaliacao,,,,,2026-01-18 19:06:59,,,,,2
72,46,63,,2025-12-27 01:21:50,2025-12-27,2025-12,2025,12,52,7,Saturday,1,130.47,0.0,130.47,cartao_debito,,0,entregue,0,1,,sem_avaliacao,6,20,34,60,2025-12-27 01:21:50,2025-12-27 01:27:50,2025-12-27 01:47:50,2025-12-27 02:21:50,,3
73,20,29,,2026-03-14 20:00:16,2026-03-14,2026-03,2026,3,11,7,Saturday,20,63.9,0.0,63.9,pix,,0,entregue,0,1,4.0,promotor,6,16,36,58,2026-03-14 20:00:16,2026-03-14 20:06:16,2026-03-14 20:22:16,2026-03-14 20:58:16,,2
74,10,14,,2026-02-17 20:38:23,2026-02-17,2026-02,2026,2,8,3,Tuesday,20,105.3,0.0,105.3,pix,,0,entregue,0,1,3.0,neutro,10,21,39,70,2026-02-17 20:38:23,2026-02-17 20:48:23,2026-02-17 21:09:23,2026-02-17 21:48:23,,2
75,34,48,,2026-02-15 09:13:45,2026-02-15,2026-02,2026,2,7,1,Sunday,9,63.9,0.0,63.9,pix,,0,entregue,0,1,4.0,promotor,4,29,40,73,2026-02-15 09:13:45,2026-02-15 09:17:45,2026-02-15 09:46:45,2026-02-15 10:26:45,,1
76,14,18,,2026-03-13 06:27:22,2026-03-13,2026-03,2026,3,11,6,Friday,6,62.9,0.0,62.9,cartao_credito,,0,entregue,0,1,,sem_avaliacao,3,17,44,64,2026-03-13 06:27:22,2026-03-13 06:30:22,2026-03-13 06:47:22,2026-03-13 07:31:22,,1
77,29,40,,2026-05-09 22:24:24,2026-05-09,2026-05,2026,5,19,7,Saturday,22,83.57,0.0,83.57,pix,,0,entregue,0,1,4.0,promotor,5,26,18,49,2026-05-09 22:24:24,2026-05-09 22:29:24,2026-05-09 22:55:24,2026-05-09 23:13:24,,2
78,13,17,,2026-05-10 20:07:02,2026-05-10,2026-05,2026,5,19,1,Sunday,20,65.9,0.0,65.9,pix,,0,entregue,0,1,5.0,promotor,9,15,22,46,2026-05-10 20:07:02,2026-05-10 20:16:02,2026-05-10 20:31:02,2026-05-10 20:53:02,,2
79,33,46,,2026-01-16 13:58:46,2026-01-16,2026-01,2026,1,3,6,Friday,13,173.7,0.0,173.7,cartao_debito,,0,entregue,0,1,5.0,promotor,8,22,24,54,2026-01-16 13:58:46,2026-01-16 14:06:46,2026-01-16 14:28:46,2026-01-16 14:52:46,,4
80,46,63,4.0,2025-12-19 21:58:03,2025-12-19,2025-12,2025,12,51,6,Friday,21,55.57,11.11,44.46,pix,,1,entregue,0,1,5.0,promotor,9,19,27,55,2025-12-19 21:58:03,2025-12-19 22:07:03,2025-12-19 22:26:03,2025-12-19 22:53:03,,1
81,52,71,,2026-04-18 19:42:35,2026-04-18,2026-04,2026,4,16,7,Saturday,19,63.9,0.0,63.9,dinheiro,73.9,0,entregue,0,1,4.0,promotor,6,25,24,55,2026-04-18 19:42:35,2026-04-18 19:48:35,2026-04-18 20:13:35,2026-04-18 20:37:35,,1
82,19,28,,2026-02-03 18:41:22,2026-02-03,2026-02,2026,2,6,3,Tuesday,18,170.03,0.0,170.03,pix,,0,entregue,0,1,,sem_avaliacao,8,30,29,67,2026-02-03 18:41:22,2026-02-03 18:49:22,2026-02-03 19:19:22,2026-02-03 19:48:22,,4
83,32,45,,2026-03-08 19:43:21,2026-03-08,2026-03,2026,3,10,1,Sunday,19,134.8,0.0,134.8,pix,,0,entregue,0,1,,sem_avaliacao,10,30,29,69,2026-03-08 19:43:21,2026-03-08 19:53:21,2026-03-08 20:23:21,2026-03-08 20:52:21,,3
84,15,20,,2025-12-04 20:00:13,2025-12-04,2025-12,2025,12,49,5,Thursday,20,174.37,0.0,174.37,cartao_credito,,0,entregue,0,1,,sem_avaliacao,8,16,34,58,2025-12-04 20:00:13,2025-12-04 20:08:13,2025-12-04 20:24:13,2025-12-04 20:58:13,,3
85,7,10,,2026-05-18 08:09:15,2026-05-18,2026-05,2026,5,21,2,Monday,8,58.9,0.0,58.9,cartao_debito,,0,entregue,0,1,,sem_avaliacao,7,26,23,56,2026-05-18 08:09:15,2026-05-18 08:16:15,2026-05-18 08:42:15,2026-05-18 09:05:15,,2
86,6,8,,2026-02-08 17:35:30,2026-02-08,2026-02,2026,2,6,1,Sunday,17,75.57,0.0,75.57,cartao_credito,,0,entregue,0,1,4.0,promotor,3,20,17,40,2026-02-08 17:35:30,2026-02-08 17:38:30,2026-02-08 17:58:30,2026-02-08 18:15:30,,2
87,60,80,,2026-05-05 15:13:37,2026-05-05,2026-05,2026,5,19,3,Tuesday,15,61.9,0.0,61.9,pix,,0,entregue,0,1,2.0,detrator,9,17,24,50,2026-05-05 15:13:37,2026-05-05 15:22:37,2026-05-05 15:39:37,2026-05-05 16:03:37,,1
88,7,10,5.0,2026-02-14 13:04:21,2026-02-14,2026-02,2026,2,7,7,Saturday,13,141.8,5.0,136.8,cartao_credito,,1,entregue,0,1,4.0,promotor,9,25,15,49,2026-02-14 13:04:21,2026-02-14 13:13:21,2026-02-14 13:38:21,2026-02-14 13:53:21,,2
89,18,26,,2025-12-21 17:50:40,2025-12-21,2025-12,2025,12,51,1,Sunday,17,58.9,0.0,58.9,pix,,0,entregue,0,1,4.0,promotor,9,25,26,60,2025-12-21 17:50:40,2025-12-21 17:59:40,2025-12-21 18:24:40,2025-12-21 18:50:40,,2
90,23,33,,2026-03-09 08:38:50,2026-03-09,2026-03,2026,3,11,2,Monday,8,130.8,0.0,130.8,cartao_credito,,0,entregue,0,1,5.0,promotor,9,15,24,48,2026-03-09 08:38:50,2026-03-09 08:47:50,2026-03-09 09:02:50,2026-03-09 09:26:50,,3
91,16,22,,2026-04-10 19:38:39,2026-04-10,2026-04,2026,4,15,6,Friday,19,53.9,0.0,53.9,pix,,0,entregue,0,1,4.0,promotor,4,19,24,47,2026-04-10 19:38:39,2026-04-10 19:42:39,2026-04-10 20:01:39,2026-04-10 20:25:39,,1
92,21,30,,2025-12-26 22:20:18,2025-12-26,2025-12,2025,12,52,6,Friday,22,132.13,0.0,132.13,pix,,0,entregue,0,1,5.0,promotor,10,22,25,57,2025-12-26 22:20:18,2025-12-26 22:30:18,2025-12-26 22:52:18,2025-12-26 23:17:18,,2
93,19,28,,2026-05-01 20:52:54,2026-05-01,2026-05,2026,5,18,6,Friday,20,56.9,0.0,56.9,cartao_credito,,0,entregue,0,1,5.0,promotor,9,30,19,58,2026-05-01 20:52:54,2026-05-01 21:01:54,2026-05-01 21:31:54,2026-05-01 21:50:54,,1
94,3,4,,2026-04-24 23:44:57,2026-04-24,2026-04,2026,4,17,6,Friday,23,121.8,0.0,121.8,pix,,0,entregue,0,1,5.0,promotor,4,18,39,61,2026-04-24 23:44:57,2026-04-24 23:48:57,2026-04-25 00:06:57,2026-04-25 00:45:57,,3
95,26,36,,2026-02-19 20:37:44,2026-02-19,2026-02,2026,2,8,5,Thursday,20,95.23,0.0,95.23,pix,,0,entregue,0,1,3.0,neutro,8,15,30,53,2026-02-19 20:37:44,2026-02-19 20:45:44,2026-02-19 21:00:44,2026-02-19 21:30:44,,2
96,5,6,,2026-01-18 03:45:07,2026-01-18,2026-01,2026,1,3,1,Sunday,3,199.7,0.0,199.7,cartao_debito,,0,entregue,0,1,4.0,promotor,8,18,36,62,2026-01-18 03:45:07,2026-01-18 03:53:07,2026-01-18 04:11:07,2026-01-18 04:47:07,,4
97,14,18,,2025-12-31 14:45:51,2025-12-31,2025-12,2025,12,53,4,Wednesday,14,56.4,0.0,56.4,pix,,0,entregue,0,1,4.0,promotor,4,20,26,50,2025-12-31 14:45:51,2025-12-31 14:49:51,2025-12-31 15:09:51,2025-12-31 15:35:51,,1
98,12,16,,2026-04-28 20:51:19,2026-04-28,2026-04,2026,4,18,3,Tuesday,20,68.9,0.0,68.9,pix,,0,em_producao,0,0,,sem_avaliacao,4,,,,2026-04-28 20:51:19,2026-04-28 20:55:19,,,,2
99,32,45,,2026-03-24 18:58:41,2026-03-24,2026-03,2026,3,13,3,Tuesday,18,53.9,0.0,53.9,pix,,0,em_producao,0,0,,sem_avaliacao,5,,,,2026-03-24 18:58:41,2026-03-24 19:03:41,,,,1
100,13,17,,2026-04-28 17:35:32,2026-04-28,2026-04,2026,4,18,3,Tuesday,17,69.9,0.0,69.9,cartao_debito,,0,entregue,0,1,4.0,promotor,9,30,28,67,2026-04-28 17:35:32,2026-04-28 17:44:32,2026-04-28 18:14:32,2026-04-28 18:42:32,,2
101,33,46,,2025-12-13 19:17:49,2025-12-13,2025-12,2025,12,50,7,Saturday,19,76.9,0.0,76.9,cartao_debito,,0,entregue,0,1,,sem_avaliacao,8,16,39,63,2025-12-13 19:17:49,2025-12-13 19:25:49,2025-12-13 19:41:49,2025-12-13 20:20:49,,2
102,29,40,,2026-05-08 23:49:51,2026-05-08,2026-05,2026,5,19,6,Friday,23,168.13,0.0,168.13,cartao_credito,,0,entregue,0,1,5.0,promotor,8,28,20,56,2026-05-08 23:49:51,2026-05-08 23:57:51,2026-05-09 00:25:51,2026-05-09 00:45:51,,3
103,18,26,,2026-05-08 19:44:55,2026-05-08,2026-05,2026,5,19,6,Friday,19,116.8,0.0,116.8,pix,,0,entregue,0,1,5.0,promotor,5,25,41,71,2026-05-08 19:44:55,2026-05-08 19:49:55,2026-05-08 20:14:55,2026-05-08 20:55:55,,2
104,60,80,,2026-05-10 17:31:20,2026-05-10,2026-05,2026,5,19,1,Sunday,17,60.9,0.0,60.9,cartao_credito,,0,entregue,0,1,4.0,promotor,4,29,35,68,2026-05-10 17:31:20,2026-05-10 17:35:20,2026-05-10 18:04:20,2026-05-10 18:39:20,,1
105,55,74,,2026-02-23 20:57:43,2026-02-23,2026-02,2026,2,9,2,Monday,20,73.4,0.0,73.4,cartao_debito,,0,entregue,0,1,,sem_avaliacao,3,18,35,56,2026-02-23 20:57:43,2026-02-23 21:00:43,2026-02-23 21:18:43,2026-02-23 21:53:43,,2
106,57,76,,2026-01-13 08:23:16,2026-01-13,2026-01,2026,1,3,3,Tuesday,8,139.8,0.0,139.8,cartao_credito,,0,entregue,0,1,,sem_avaliacao,5,16,27,48,2026-01-13 08:23:16,2026-01-13 08:28:16,2026-01-13 08:44:16,2026-01-13 09:11:16,,3
107,56,75,,2026-02-11 20:30:04,2026-02-11,2026-02,2026,2,7,4,Wednesday,20,142.8,0.0,142.8,pix,,0,entregue,0,1,3.0,neutro,4,18,18,40,2026-02-11 20:30:04,2026-02-11 20:34:04,2026-02-11 20:52:04,2026-02-11 21:10:04,,3
108,44,61,,2026-02-15 21:05:57,2026-02-15,2026-02,2026,2,7,1,Sunday,21,69.9,0.0,69.9,dinheiro,89.9,0,entregue,0,1,5.0,promotor,4,27,26,57,2026-02-15 21:05:57,2026-02-15 21:09:57,2026-02-15 21:36:57,2026-02-15 22:02:57,,2
109,26,36,,2026-01-17 19:50:57,2026-01-17,2026-01,2026,1,3,7,Saturday,19,64.9,0.0,64.9,pix,,0,entregue,0,1,,sem_avaliacao,6,30,27,63,2026-01-17 19:50:57,2026-01-17 19:56:57,2026-01-17 20:26:57,2026-01-17 20:53:57,,2
110,50,68,,2025-12-05 01:04:00,2025-12-05,2025-12,2025,12,49,6,Friday,1,59.9,0.0,59.9,cartao_debito,,0,entregue,0,1,4.0,promotor,3,16,45,64,2025-12-05 01:04:00,2025-12-05 01:07:00,2025-12-05 01:23:00,2025-12-05 02:08:00,,1
111,10,14,,2026-03-05 16:37:40,2026-03-05,2026-03,2026,3,10,5,Thursday,16,178.2,0.0,178.2,cartao_credito,,0,entregue,0,1,5.0,promotor,4,24,37,65,2026-03-05 16:37:40,2026-03-05 16:41:40,2026-03-05 17:05:40,2026-03-05 17:42:40,,4
112,24,34,2.0,2025-12-16 20:55:17,2025-12-16,2025-12,2025,12,51,3,Tuesday,20,90.9,13.63,77.27,cartao_debito,,1,entregue,0,1,4.0,promotor,4,15,25,44,2025-12-16 20:55:17,2025-12-16 20:59:17,2025-12-16 21:14:17,2025-12-16 21:39:17,,2
113,44,61,,2026-04-10 09:47:32,2026-04-10,2026-04,2026,4,15,6,Friday,9,56.9,0.0,56.9,cartao_credito,,0,entregue,0,1,4.0,promotor,3,22,16,41,2026-04-10 09:47:32,2026-04-10 09:50:32,2026-04-10 10:12:32,2026-04-10 10:28:32,,1
114,59,79,,2026-04-10 15:52:04,2026-04-10,2026-04,2026,4,15,6,Friday,15,58.9,0.0,58.9,pix,,0,entregue,0,1,3.0,neutro,4,16,20,40,2026-04-10 15:52:04,2026-04-10 15:56:04,2026-04-10 16:12:04,2026-04-10 16:32:04,,1
115,24,34,,2025-12-30 15:50:19,2025-12-30,2025-12,2025,12,53,3,Tuesday,15,68.9,0.0,68.9,cartao_credito,,0,entregue,0,1,5.0,promotor,6,29,26,61,2025-12-30 15:50:19,2025-12-30 15:56:19,2025-12-30 16:25:19,2025-12-30 16:51:19,,2
116,1,1,,2026-04-17 19:54:47,2026-04-17,2026-04,2026,4,16,6,Friday,19,47.4,0.0,47.4,dinheiro,97.4,0,entregue,0,1,,sem_avaliacao,4,21,31,56,2026-04-17 19:54:47,2026-04-17 19:58:47,2026-04-17 20:19:47,2026-04-17 20:50:47,,1
117,24,34,,2026-02-18 23:05:37,2026-02-18,2026-02,2026,2,8,4,Wednesday,23,87.9,0.0,87.9,cartao_credito,,0,entregue,0,1,4.0,promotor,5,27,17,49,2026-02-18 23:05:37,2026-02-18 23:10:37,2026-02-18 23:37:37,2026-02-18 23:54:37,,2
118,9,12,5.0,2026-04-21 20:06:09,2026-04-21,2026-04,2026,4,17,3,Tuesday,20,57.9,5.0,52.9,cartao_credito,,1,entregue,0,1,5.0,promotor,10,29,25,64,2026-04-21 20:06:09,2026-04-21 20:16:09,2026-04-21 20:45:09,2026-04-21 21:10:09,,1
119,14,18,,2026-05-02 21:09:05,2026-05-02,2026-05,2026,5,18,7,Saturday,21,55.23,0.0,55.23,pix,,0,entregue,0,1,5.0,promotor,8,27,31,66,2026-05-02 21:09:05,2026-05-02 21:17:05,2026-05-02 21:44:05,2026-05-02 22:15:05,,1
120,1,1,5.0,2025-12-03 21:14:08,2025-12-03,2025-12,2025,12,49,4,Wednesday,21,131.47,5.0,126.47,cartao_credito,,1,entregue,0,1,5.0,promotor,9,26,36,71,2025-12-03 21:14:08,2025-12-03 21:23:08,2025-12-03 21:49:08,2025-12-03 22:25:08,,3
121,25,35,1.0,2026-04-03 17:22:13,2026-04-03,2026-04,2026,4,14,6,Friday,17,68.9,6.89,62.01,cartao_debito,,1,em_producao,0,0,,sem_avaliacao,7,,,,2026-04-03 17:22:13,2026-04-03 17:29:13,,,,2
122,42,59,,2026-05-12 21:15:40,2026-05-12,2026-05,2026,5,20,3,Tuesday,21,68.23,0.0,68.23,cartao_debito,,0,recebido,0,0,,sem_avaliacao,,,,,2026-05-12 21:15:40,,,,,2
123,58,78,,2026-04-27 20:03:51,2026-04-27,2026-04,2026,4,18,2,Monday,20,112.47,0.0,112.47,pix,,0,recebido,0,0,,sem_avaliacao,,,,,2026-04-27 20:03:51,,,,,2
124,12,16,,2025-12-25 13:20:51,2025-12-25,2025-12,2025,12,52,5,Thursday,13,213.2,0.0,213.2,cartao_debito,,0,entregue,0,1,5.0,promotor,8,15,37,60,2025-12-25 13:20:51,2025-12-25 13:28:51,2025-12-25 13:43:51,2025-12-25 14:20:51,,4
125,2,3,,2025-12-20 19:58:09,2025-12-20,2025-12,2025,12,51,7,Saturday,19,137.8,0.0,137.8,cartao_debito,,0,entregue,0,1,,sem_avaliacao,8,17,26,51,2025-12-20 19:58:09,2025-12-20 20:06:09,2025-12-20 20:23:09,2025-12-20 20:49:09,,3
126,15,20,1.0,2026-03-30 19:11:24,2026-03-30,2026-03,2026,3,14,2,Monday,19,237.7,23.77,213.93,cartao_debito,,1,entregue,0,1,,sem_avaliacao,7,19,20,46,2026-03-30 19:11:24,2026-03-30 19:18:24,2026-03-30 19:37:24,2026-03-30 19:57:24,,4
127,43,60,,2026-03-25 20:21:28,2026-03-25,2026-03,2026,3,13,4,Wednesday,20,52.9,0.0,52.9,pix,,0,entregue,0,1,,sem_avaliacao,6,22,37,65,2026-03-25 20:21:28,2026-03-25 20:27:28,2026-03-25 20:49:28,2026-03-25 21:26:28,,1
128,32,45,,2026-05-11 17:34:24,2026-05-11,2026-05,2026,5,20,2,Monday,17,110.8,0.0,110.8,cartao_credito,,0,entregue,0,1,5.0,promotor,10,22,20,52,2026-05-11 17:34:24,2026-05-11 17:44:24,2026-05-11 18:06:24,2026-05-11 18:26:24,,3
129,46,63,,2025-11-27 17:41:10,2025-11-27,2025-11,2025,11,48,5,Thursday,17,57.9,0.0,57.9,pix,,0,entregue,0,1,3.0,neutro,9,20,16,45,2025-11-27 17:41:10,2025-11-27 17:50:10,2025-11-27 18:10:10,2025-11-27 18:26:10,,1
130,36,51,,2026-05-03 18:03:23,2026-05-03,2026-05,2026,5,18,1,Sunday,18,106.8,0.0,106.8,cartao_credito,,0,entregue,0,1,,sem_avaliacao,4,24,41,69,2026-05-03 18:03:23,2026-05-03 18:07:23,2026-05-03 18:31:23,2026-05-03 19:12:23,,2
131,17,24,5.0,2025-12-09 19:24:11,2025-12-09,2025-12,2025,12,50,3,Tuesday,19,58.9,5.0,53.9,cartao_credito,,1,entregue,0,1,3.0,neutro,9,26,20,55,2025-12-09 19:24:11,2025-12-09 19:33:11,2025-12-09 19:59:11,2025-12-09 20:19:11,,1
132,35,49,,2026-02-09 23:37:14,2026-02-09,2026-02,2026,2,7,2,Monday,23,113.47,0.0,113.47,cartao_credito,,0,entregue,0,1,3.0,neutro,9,28,45,82,2026-02-09 23:37:14,2026-02-09 23:46:14,2026-02-10 00:14:14,2026-02-10 00:59:14,,2
133,11,15,,2026-01-01 21:08:02,2026-01-01,2026-01,2026,1,1,5,Thursday,21,102.3,0.0,102.3,cartao_credito,,0,entregue,0,1,,sem_avaliacao,9,21,41,71,2026-01-01 21:08:02,2026-01-01 21:17:02,2026-01-01 21:38:02,2026-01-01 22:19:02,,2
134,1,1,,2026-04-23 20:37:33,2026-04-23,2026-04,2026,4,17,5,Thursday,20,130.8,0.0,130.8,pix,,0,entregue,0,1,4.0,promotor,4,28,19,51,2026-04-23 20:37:33,2026-04-23 20:41:33,2026-04-23 21:09:33,2026-04-23 21:28:33,,3
135,26,36,,2026-05-13 21:44:15,2026-05-13,2026-05,2026,5,20,4,Wednesday,21,59.9,0.0,59.9,pix,,0,entregue,0,1,,sem_avaliacao,10,23,43,76,2026-05-13 21:44:15,2026-05-13 21:54:15,2026-05-13 22:17:15,2026-05-13 23:00:15,,1
136,15,20,,2025-12-17 15:47:28,2025-12-17,2025-12,2025,12,51,4,Wednesday,15,111.3,0.0,111.3,cartao_credito,,0,entregue,0,1,4.0,promotor,8,23,38,69,2025-12-17 15:47:28,2025-12-17 15:55:28,2025-12-17 16:18:28,2025-12-17 16:56:28,,2
137,50,68,1.0,2026-05-05 18:36:01,2026-05-05,2026-05,2026,5,19,3,Tuesday,18,68.9,6.89,62.01,pix,,1,entregue,0,1,5.0,promotor,6,16,22,44,2026-05-05 18:36:01,2026-05-05 18:42:01,2026-05-05 18:58:01,2026-05-05 19:20:01,,2
138,56,75,,2026-02-21 19:22:22,2026-02-21,2026-02,2026,2,8,7,Saturday,19,75.9,0.0,75.9,pix,,0,entregue,0,1,,sem_avaliacao,7,17,24,48,2026-02-21 19:22:22,2026-02-21 19:29:22,2026-02-21 19:46:22,2026-02-21 20:10:22,,2
139,44,61,,2025-11-23 18:08:41,2025-11-23,2025-11,2025,11,47,1,Sunday,18,184.03,0.0,184.03,cartao_credito,,0,entregue,0,1,,sem_avaliacao,3,22,23,48,2025-11-23 18:08:41,2025-11-23 18:11:41,2025-11-23 18:33:41,2025-11-23 18:56:41,,3
140,36,51,,2026-03-27 19:18:19,2026-03-27,2026-03,2026,3,13,6,Friday,19,141.8,0.0,141.8,dinheiro,191.8,0,entregue,0,1,5.0,promotor,10,17,25,52,2026-03-27 19:18:19,2026-03-27 19:28:19,2026-03-27 19:45:19,2026-03-27 20:10:19,,3
141,32,45,,2026-01-17 14:26:25,2026-01-17,2026-01,2026,1,3,7,Saturday,14,50.9,0.0,50.9,cartao_debito,,0,entregue,0,1,3.0,neutro,3,21,25,49,2026-01-17 14:26:25,2026-01-17 14:29:25,2026-01-17 14:50:25,2026-01-17 15:15:25,,1
142,17,24,,2026-04-11 21:48:58,2026-04-11,2026-04,2026,4,15,7,Saturday,21,127.3,0.0,127.3,pix,,0,entregue,0,1,,sem_avaliacao,8,17,22,47,2026-04-11 21:48:58,2026-04-11 21:56:58,2026-04-11 22:13:58,2026-04-11 22:35:58,,3
143,5,6,,2026-02-21 21:32:07,2026-02-21,2026-02,2026,2,8,7,Saturday,21,83.9,0.0,83.9,cartao_debito,,0,cancelado,1,0,,sem_avaliacao,,,,,2026-02-21 21:32:07,,,,2026-02-21 21:34:07,2
144,41,58,2.0,2025-12-25 15:03:00,2025-12-25,2025-12,2025,12,52,5,Thursday,15,84.9,12.73,72.17,cartao_debito,,1,entregue,0,1,,sem_avaliacao,6,20,33,59,2025-12-25 15:03:00,2025-12-25 15:09:00,2025-12-25 15:29:00,2025-12-25 16:02:00,,2
145,1,1,,2026-05-13 16:53:33,2026-05-13,2026-05,2026,5,20,4,Wednesday,16,85.9,0.0,85.9,cartao_credito,,0,entregue,0,1,5.0,promotor,3,22,22,47,2026-05-13 16:53:33,2026-05-13 16:56:33,2026-05-13 17:18:33,2026-05-13 17:40:33,,2
146,22,31,,2026-02-13 21:08:21,2026-02-13,2026-02,2026,2,7,6,Friday,21,189.7,0.0,189.7,pix,,0,recebido,0,0,,sem_avaliacao,,,,,2026-02-13 21:08:21,,,,,3
147,41,58,,2026-01-10 20:39:03,2026-01-10,2026-01,2026,1,2,7,Saturday,20,65.9,0.0,65.9,cartao_debito,,0,entregue,0,1,4.0,promotor,3,18,35,56,2026-01-10 20:39:03,2026-01-10 20:42:03,2026-01-10 21:00:03,2026-01-10 21:35:03,,2
148,34,48,,2026-01-12 19:44:08,2026-01-12,2026-01,2026,1,3,2,Monday,19,58.9,0.0,58.9,pix,,0,entregue,0,1,4.0,promotor,4,18,24,46,2026-01-12 19:44:08,2026-01-12 19:48:08,2026-01-12 20:06:08,2026-01-12 20:30:08,,1
149,36,51,,2026-02-25 22:44:59,2026-02-25,2026-02,2026,2,9,4,Wednesday,22,195.7,0.0,195.7,cartao_credito,,0,entregue,0,1,4.0,promotor,6,15,15,36,2026-02-25 22:44:59,2026-02-25 22:50:59,2026-02-25 23:05:59,2026-02-25 23:20:59,,4
150,55,74,2.0,2026-04-17 21:00:54,2026-04-17,2026-04,2026,4,16,6,Friday,21,181.7,27.25,154.45,cartao_debito,,1,entregue,0,1,5.0,promotor,5,25,26,56,2026-04-17 21:00:54,2026-04-17 21:05:54,2026-04-17 21:30:54,2026-04-17 21:56:54,,4
151,37,52,5.0,2026-04-02 18:39:24,2026-04-02,2026-04,2026,4,14,5,Thursday,18,55.9,5.0,50.9,dinheiro,60.9,1,entregue,0,1,,sem_avaliacao,3,19,30,52,2026-04-02 18:39:24,2026-04-02 18:42:24,2026-04-02 19:01:24,2026-04-02 19:31:24,,1
152,43,60,,2026-05-10 16:33:44,2026-05-10,2026-05,2026,5,19,1,Sunday,16,72.9,0.0,72.9,cartao_debito,,0,entregue,0,1,3.0,neutro,4,28,36,68,2026-05-10 16:33:44,2026-05-10 16:37:44,2026-05-10 17:05:44,2026-05-10 17:41:44,,2
153,16,22,,2026-01-24 23:03:32,2026-01-24,2026-01,2026,1,4,7,Saturday,23,56.9,0.0,56.9,pix,,0,entregue,0,1,4.0,promotor,9,27,41,77,2026-01-24 23:03:32,2026-01-24 23:12:32,2026-01-24 23:39:32,2026-01-25 00:20:32,,1
154,36,51,,2025-11-21 21:50:38,2025-11-21,2025-11,2025,11,47,6,Friday,21,148.03,0.0,148.03,cartao_credito,,0,saiu_para_entrega,0,0,,sem_avaliacao,7,21,,,2025-11-21 21:50:38,2025-11-21 21:57:38,2025-11-21 22:18:38,,,3
155,36,51,,2026-03-02 17:06:02,2026-03-02,2026-03,2026,3,10,2,Monday,17,49.9,0.0,49.9,cartao_debito,,0,cancelado,1,0,,sem_avaliacao,,,,,2026-03-02 17:06:02,,,,2026-03-02 17:19:02,1
156,30,42,,2026-04-30 20:45:21,2026-04-30,2026-04,2026,4,18,5,Thursday,20,156.8,0.0,156.8,cartao_credito,,0,entregue,0,1,5.0,promotor,9,16,44,69,2026-04-30 20:45:21,2026-04-30 20:54:21,2026-04-30 21:10:21,2026-04-30 21:54:21,,3
157,38,53,,2025-12-25 20:08:06,2025-12-25,2025-12,2025,12,52,5,Thursday,20,171.03,0.0,171.03,dinheiro,191.03,0,entregue,0,1,5.0,promotor,8,27,28,63,2025-12-25 20:08:06,2025-12-25 20:16:06,2025-12-25 20:43:06,2025-12-25 21:11:06,,3
158,42,59,,2025-12-26 18:44:40,2025-12-26,2025-12,2025,12,52,6,Friday,18,118.3,0.0,118.3,cartao_credito,,0,entregue,0,1,4.0,promotor,4,26,32,62,2025-12-26 18:44:40,2025-12-26 18:48:40,2025-12-26 19:14:40,2025-12-26 19:46:40,,3
159,54,73,,2025-12-03 20:18:13,2025-12-03,2025-12,2025,12,49,4,Wednesday,20,118.8,0.0,118.8,cartao_credito,,0,entregue,0,1,1.0,detrator,3,26,41,70,2025-12-03 20:18:13,2025-12-03 20:21:13,2025-12-03 20:47:13,2025-12-03 21:28:13,,2
160,40,56,1.0,2026-05-09 20:55:28,2026-05-09,2026-05,2026,5,19,7,Saturday,20,53.9,5.39,48.51,dinheiro,98.51,1,cancelado,1,0,,sem_avaliacao,,,,,2026-05-09 20:55:28,,,,2026-05-09 21:08:28,1
161,18,26,,2026-03-09 14:10:37,2026-03-09,2026-03,2026,3,11,2,Monday,14,51.9,0.0,51.9,dinheiro,71.9,0,cancelado,1,0,,sem_avaliacao,,,,,2026-03-09 14:10:37,,,,2026-03-09 14:23:37,1
162,32,45,,2026-04-23 19:22:04,2026-04-23,2026-04,2026,4,17,5,Thursday,19,61.9,0.0,61.9,pix,,0,entregue,0,1,5.0,promotor,8,22,45,75,2026-04-23 19:22:04,2026-04-23 19:30:04,2026-04-23 19:52:04,2026-04-23 20:37:04,,2
163,31,44,,2026-03-10 21:41:00,2026-03-10,2026-03,2026,3,11,3,Tuesday,21,164.3,0.0,164.3,dinheiro,214.3,0,entregue,0,1,4.0,promotor,8,29,22,59,2026-03-10 21:41:00,2026-03-10 21:49:00,2026-03-10 22:18:00,2026-03-10 22:40:00,,3
164,33,46,2.0,2025-12-07 22:10:49,2025-12-07,2025-12,2025,12,49,1,Sunday,22,125.3,18.8,106.5,cartao_credito,,1,entregue,0,1,,sem_avaliacao,3,17,21,41,2025-12-07 22:10:49,2025-12-07 22:13:49,2025-12-07 22:30:49,2025-12-07 22:51:49,,3
165,36,51,,2025-12-05 19:14:58,2025-12-05,2025-12,2025,12,49,6,Friday,19,62.9,0.0,62.9,cartao_credito,,0,entregue,0,1,5.0,promotor,9,29,35,73,2025-12-05 19:14:58,2025-12-05 19:23:58,2025-12-05 19:52:58,2025-12-05 20:27:58,,1
166,60,80,,2026-02-27 08:50:43,2026-02-27,2026-02,2026,2,9,6,Friday,8,76.9,0.0,76.9,dinheiro,96.9,0,entregue,0,1,,sem_avaliacao,4,24,39,67,2026-02-27 08:50:43,2026-02-27 08:54:43,2026-02-27 09:18:43,2026-02-27 09:57:43,,2
167,10,14,,2026-01-18 20:58:50,2026-01-18,2026-01,2026,1,3,1,Sunday,20,57.9,0.0,57.9,cartao_credito,,0,cancelado,1,0,,sem_avaliacao,,,,,2026-01-18 20:58:50,,,,2026-01-18 21:13:50,1
168,48,66,5.0,2026-04-14 22:22:13,2026-04-14,2026-04,2026,4,16,3,Tuesday,22,125.8,5.0,120.8,pix,,1,entregue,0,1,4.0,promotor,5,20,20,45,2026-04-14 22:22:13,2026-04-14 22:27:13,2026-04-14 22:47:13,2026-04-14 23:07:13,,3
169,42,59,,2026-01-06 08:39:04,2026-01-06,2026-01,2026,1,2,3,Tuesday,8,105.3,0.0,105.3,pix,,0,em_producao,0,0,,sem_avaliacao,8,,,,2026-01-06 08:39:04,2026-01-06 08:47:04,,,,2
170,42,59,,2026-02-14 14:23:08,2026-02-14,2026-02,2026,2,7,7,Saturday,14,135.8,0.0,135.8,cartao_credito,,0,entregue,0,1,,sem_avaliacao,8,30,29,67,2026-02-14 14:23:08,2026-02-14 14:31:08,2026-02-14 15:01:08,2026-02-14 15:30:08,,3
171,41,58,,2025-11-27 21:37:25,2025-11-27,2025-11,2025,11,48,5,Thursday,21,133.8,0.0,133.8,pix,,0,entregue,0,1,,sem_avaliacao,6,16,32,54,2025-11-27 21:37:25,2025-11-27 21:43:25,2025-11-27 21:59:25,2025-11-27 22:31:25,,3
172,40,56,,2026-04-03 11:32:08,2026-04-03,2026-04,2026,4,14,6,Friday,11,166.7,0.0,166.7,cartao_debito,,0,entregue,0,1,5.0,promotor,5,19,38,62,2026-04-03 11:32:08,2026-04-03 11:37:08,2026-04-03 11:56:08,2026-04-03 12:34:08,,3
173,34,48,2.0,2026-03-24 21:53:47,2026-03-24,2026-03,2026,3,13,3,Tuesday,21,151.8,22.77,129.03,pix,,1,entregue,0,1,4.0,promotor,5,27,35,67,2026-03-24 21:53:47,2026-03-24 21:58:47,2026-03-24 22:25:47,2026-03-24 23:00:47,,3
174,10,14,,2025-12-27 10:38:45,2025-12-27,2025-12,2025,12,52,7,Saturday,10,55.9,0.0,55.9,pix,,0,entregue,0,1,3.0,neutro,6,28,40,74,2025-12-27 10:38:45,2025-12-27 10:44:45,2025-12-27 11:12:45,2025-12-27 11:52:45,,1
175,41,58,,2026-03-01 03:36:09,2026-03-01,2026-03,2026,3,9,1,Sunday,3,137.13,0.0,137.13,dinheiro,147.13,0,entregue,0,1,5.0,promotor,7,20,31,58,2026-03-01 03:36:09,2026-03-01 03:43:09,2026-03-01 04:03:09,2026-03-01 04:34:09,,3
176,44,61,,2026-01-27 22:38:37,2026-01-27,2026-01,2026,1,5,3,Tuesday,22,57.9,0.0,57.9,pix,,0,entregue,0,1,,sem_avaliacao,9,27,19,55,2026-01-27 22:38:37,2026-01-27 22:47:37,2026-01-27 23:14:37,2026-01-27 23:33:37,,1
177,35,49,,2026-02-27 20:05:30,2026-02-27,2026-02,2026,2,9,6,Friday,20,113.8,0.0,113.8,cartao_credito,,0,entregue,0,1,4.0,promotor,3,28,31,62,2026-02-27 20:05:30,2026-02-27 20:08:30,2026-02-27 20:36:30,2026-02-27 21:07:30,,2
178,6,8,,2026-01-15 19:34:26,2026-01-15,2026-01,2026,1,3,5,Thursday,19,67.4,0.0,67.4,cartao_credito,,0,entregue,0,1,5.0,promotor,3,15,33,51,2026-01-15 19:34:26,2026-01-15 19:37:26,2026-01-15 19:52:26,2026-01-15 20:25:26,,2
179,40,56,,2026-01-14 23:25:48,2026-01-14,2026-01,2026,1,3,4,Wednesday,23,75.9,0.0,75.9,cartao_credito,,0,entregue,0,1,,sem_avaliacao,10,20,26,56,2026-01-14 23:25:48,2026-01-14 23:35:48,2026-01-14 23:55:48,2026-01-15 00:21:48,,2
180,29,40,1.0,2026-04-22 20:10:06,2026-04-22,2026-04,2026,4,17,4,Wednesday,20,137.47,13.75,123.72,cartao_credito,,1,entregue,0,1,,sem_avaliacao,9,25,40,74,2026-04-22 20:10:06,2026-04-22 20:19:06,2026-04-22 20:44:06,2026-04-22 21:24:06,,3
181,60,80,,2026-02-07 19:33:18,2026-02-07,2026-02,2026,2,6,7,Saturday,19,70.9,0.0,70.9,cartao_credito,,0,entregue,0,1,5.0,promotor,3,20,35,58,2026-02-07 19:33:18,2026-02-07 19:36:18,2026-02-07 19:56:18,2026-02-07 20:31:18,,1
182,42,59,,2025-11-21 23:05:17,2025-11-21,2025-11,2025,11,47,6,Friday,23,53.9,0.0,53.9,cartao_credito,,0,entregue,0,1,5.0,promotor,8,27,27,62,2025-11-21 23:05:17,2025-11-21 23:13:17,2025-11-21 23:40:17,2025-11-22 00:07:17,,1
183,13,17,,2026-02-17 22:36:00,2026-02-17,2026-02,2026,2,8,3,Tuesday,22,57.57,0.0,57.57,pix,,0,entregue,0,1,,sem_avaliacao,9,18,32,59,2026-02-17 22:36:00,2026-02-17 22:45:00,2026-02-17 23:03:00,2026-02-17 23:35:00,,1
184,37,52,,2026-02-23 20:48:21,2026-02-23,2026-02,2026,2,9,2,Monday,20,65.9,0.0,65.9,cartao_credito,,0,saiu_para_entrega,0,0,,sem_avaliacao,10,29,,,2026-02-23 20:48:21,2026-02-23 20:58:21,2026-02-23 21:27:21,,,1
185,45,62,,2026-01-05 21:26:22,2026-01-05,2026-01,2026,1,2,2,Monday,21,62.9,0.0,62.9,pix,,0,entregue,0,1,,sem_avaliacao,3,23,22,48,2026-01-05 21:26:22,2026-01-05 21:29:22,2026-01-05 21:52:22,2026-01-05 22:14:22,,2
186,44,61,4.0,2026-05-17 12:47:12,2026-05-17,2026-05,2026,5,20,1,Sunday,12,108.8,21.76,87.04,pix,,1,entregue,0,1,4.0,promotor,6,23,21,50,2026-05-17 12:47:12,2026-05-17 12:53:12,2026-05-17 13:16:12,2026-05-17 13:37:12,,2
187,12,16,1.0,2026-04-18 22:17:25,2026-04-18,2026-04,2026,4,16,7,Saturday,22,52.9,5.29,47.61,cartao_debito,,1,entregue,0,1,4.0,promotor,5,16,31,52,2026-04-18 22:17:25,2026-04-18 22:22:25,2026-04-18 22:38:25,2026-04-18 23:09:25,,1
188,44,61,,2026-01-01 17:06:20,2026-01-01,2026-01,2026,1,1,5,Thursday,17,72.9,0.0,72.9,pix,,0,entregue,0,1,5.0,promotor,7,20,32,59,2026-01-01 17:06:20,2026-01-01 17:13:20,2026-01-01 17:33:20,2026-01-01 18:05:20,,2
189,15,20,,2026-04-28 08:17:51,2026-04-28,2026-04,2026,4,18,3,Tuesday,8,175.2,0.0,175.2,pix,,0,entregue,0,1,2.0,detrator,9,27,21,57,2026-04-28 08:17:51,2026-04-28 08:26:51,2026-04-28 08:53:51,2026-04-28 09:14:51,,3
190,54,73,,2026-03-23 08:47:21,2026-03-23,2026-03,2026,3,13,2,Monday,8,78.9,0.0,78.9,pix,,0,entregue,0,1,5.0,promotor,8,23,26,57,2026-03-23 08:47:21,2026-03-23 08:55:21,2026-03-23 09:18:21,2026-03-23 09:44:21,,2
191,40,56,,2026-01-16 18:09:55,2026-01-16,2026-01,2026,1,3,6,Friday,18,62.9,0.0,62.9,cartao_credito,,0,entregue,0,1,5.0,promotor,8,28,35,71,2026-01-16 18:09:55,2026-01-16 18:17:55,2026-01-16 18:45:55,2026-01-16 19:20:55,,2
192,38,53,4.0,2026-03-02 23:26:10,2026-03-02,2026-03,2026,3,10,2,Monday,23,70.9,14.18,56.72,pix,,1,entregue,0,1,5.0,promotor,3,19,38,60,2026-03-02 23:26:10,2026-03-02 23:29:10,2026-03-02 23:48:10,2026-03-03 00:26:10,,2
193,40,56,,2025-12-21 07:59:56,2025-12-21,2025-12,2025,12,51,1,Sunday,7,109.13,0.0,109.13,pix,,0,entregue,0,1,5.0,promotor,6,22,38,66,2025-12-21 07:59:56,2025-12-21 08:05:56,2025-12-21 08:27:56,2025-12-21 09:05:56,,2
194,38,53,,2026-03-17 18:47:40,2026-03-17,2026-03,2026,3,12,3,Tuesday,18,69.9,0.0,69.9,cartao_credito,,0,cancelado,1,0,,sem_avaliacao,,,,,2026-03-17 18:47:40,,,,2026-03-17 18:54:40,2
195,49,67,5.0,2026-05-05 09:18:30,2026-05-05,2026-05,2026,5,19,3,Tuesday,9,46.9,5.0,41.9,pix,,1,entregue,0,1,4.0,promotor,10,30,24,64,2026-05-05 09:18:30,2026-05-05 09:28:30,2026-05-05 09:58:30,2026-05-05 10:22:30,,1
196,25,35,1.0,2026-01-03 14:27:40,2026-01-03,2026-01,2026,1,1,7,Saturday,14,108.47,10.85,97.62,cartao_debito,,1,entregue,0,1,5.0,promotor,7,24,35,66,2026-01-03 14:27:40,2026-01-03 14:34:40,2026-01-03 14:58:40,2026-01-03 15:33:40,,2
197,7,10,,2026-01-15 14:45:28,2026-01-15,2026-01,2026,1,3,5,Thursday,14,69.4,0.0,69.4,pix,,0,entregue,0,1,,sem_avaliacao,6,17,19,42,2026-01-15 14:45:28,2026-01-15 14:51:28,2026-01-15 15:08:28,2026-01-15 15:27:28,,2
198,4,5,4.0,2026-01-12 20:04:34,2026-01-12,2026-01,2026,1,3,2,Monday,20,56.9,11.38,45.52,pix,,1,entregue,0,1,,sem_avaliacao,6,23,41,70,2026-01-12 20:04:34,2026-01-12 20:10:34,2026-01-12 20:33:34,2026-01-12 21:14:34,,1
199,7,10,,2026-03-02 19:13:30,2026-03-02,2026-03,2026,3,10,2,Monday,19,73.9,0.0,73.9,cartao_credito,,0,entregue,0,1,5.0,promotor,7,25,20,52,2026-03-02 19:13:30,2026-03-02 19:20:30,2026-03-02 19:45:30,2026-03-02 20:05:30,,2
200,11,15,,2026-04-24 14:07:25,2026-04-24,2026-04,2026,4,17,6,Friday,14,80.9,0.0,80.9,cartao_debito,,0,entregue,0,1,2.0,detrator,3,16,33,52,2026-04-24 14:07:25,2026-04-24 14:10:25,2026-04-24 14:26:25,2026-04-24 14:59:25,,2
201,35,49,,2026-04-24 08:31:14,2026-04-24,2026-04,2026,4,17,6,Friday,8,119.8,0.0,119.8,pix,,0,entregue,0,1,5.0,promotor,8,29,38,75,2026-04-24 08:31:14,2026-04-24 08:39:14,2026-04-24 09:08:14,2026-04-24 09:46:14,,3
202,36,51,4.0,2025-12-22 05:09:28,2025-12-22,2025-12,2025,12,52,2,Monday,5,123.13,24.63,98.5,pix,,1,entregue,0,1,,sem_avaliacao,7,26,29,62,2025-12-22 05:09:28,2025-12-22 05:16:28,2025-12-22 05:42:28,2025-12-22 06:11:28,,2
203,10,14,,2026-03-20 14:26:41,2026-03-20,2026-03,2026,3,12,6,Friday,14,60.9,0.0,60.9,cartao_debito,,0,entregue,0,1,,sem_avaliacao,4,17,16,37,2026-03-20 14:26:41,2026-03-20 14:30:41,2026-03-20 14:47:41,2026-03-20 15:03:41,,2
204,17,24,,2025-12-01 16:38:45,2025-12-01,2025-12,2025,12,49,2,Monday,16,49.9,0.0,49.9,cartao_debito,,0,entregue,0,1,5.0,promotor,6,30,44,80,2025-12-01 16:38:45,2025-12-01 16:44:45,2025-12-01 17:14:45,2025-12-01 17:58:45,,1
205,47,64,,2025-12-05 21:04:13,2025-12-05,2025-12,2025,12,49,6,Friday,21,72.9,0.0,72.9,pix,,0,saiu_para_entrega,0,0,,sem_avaliacao,4,18,,,2025-12-05 21:04:13,2025-12-05 21:08:13,2025-12-05 21:26:13,,,1
206,36,51,,2026-02-10 20:49:40,2026-02-10,2026-02,2026,2,7,3,Tuesday,20,139.47,0.0,139.47,pix,,0,entregue,0,1,5.0,promotor,10,28,43,81,2026-02-10 20:49:40,2026-02-10 20:59:40,2026-02-10 21:27:40,2026-02-10 22:10:40,,3
207,36,51,,2026-05-20 20:23:28,2026-05-20,2026-05,2026,5,21,4,Wednesday,20,68.9,0.0,68.9,pix,,0,entregue,0,1,5.0,promotor,9,15,38,62,2026-05-20 20:23:28,2026-05-20 20:32:28,2026-05-20 20:47:28,2026-05-20 21:25:28,,2
208,33,46,,2026-03-09 19:36:09,2026-03-09,2026-03,2026,3,11,2,Monday,19,73.9,0.0,73.9,pix,,0,entregue,0,1,4.0,promotor,10,26,19,55,2026-03-09 19:36:09,2026-03-09 19:46:09,2026-03-09 20:12:09,2026-03-09 20:31:09,,2
209,32,45,,2026-04-30 22:44:36,2026-04-30,2026-04,2026,4,18,5,Thursday,22,105.13,0.0,105.13,cartao_debito,,0,entregue,0,1,5.0,promotor,4,24,16,44,2026-04-30 22:44:36,2026-04-30 22:48:36,2026-04-30 23:12:36,2026-04-30 23:28:36,,2
210,34,48,,2025-11-29 15:36:09,2025-11-29,2025-11,2025,11,48,7,Saturday,15,158.2,0.0,158.2,cartao_credito,,0,entregue,0,1,4.0,promotor,6,19,16,41,2025-11-29 15:36:09,2025-11-29 15:42:09,2025-11-29 16:01:09,2025-11-29 16:17:09,,3
211,9,12,3.0,2026-02-22 19:31:25,2026-02-22,2026-02,2026,2,8,1,Sunday,19,137.8,20.0,117.8,pix,,1,entregue,0,1,5.0,promotor,6,22,22,50,2026-02-22 19:31:25,2026-02-22 19:37:25,2026-02-22 19:59:25,2026-02-22 20:21:25,,3
212,10,14,,2026-02-15 03:52:14,2026-02-15,2026-02,2026,2,7,1,Sunday,3,57.57,0.0,57.57,cartao_debito,,0,entregue,0,1,5.0,promotor,8,19,39,66,2026-02-15 03:52:14,2026-02-15 04:00:14,2026-02-15 04:19:14,2026-02-15 04:58:14,,2
213,35,49,4.0,2026-03-03 20:35:30,2026-03-03,2026-03,2026,3,10,3,Tuesday,20,118.8,23.76,95.04,cartao_credito,,1,entregue,0,1,5.0,promotor,5,15,27,47,2026-03-03 20:35:30,2026-03-03 20:40:30,2026-03-03 20:55:30,2026-03-03 21:22:30,,2
214,7,10,3.0,2025-11-25 15:56:41,2025-11-25,2025-11,2025,11,48,3,Tuesday,15,137.8,20.0,117.8,pix,,1,entregue,0,1,4.0,promotor,9,18,43,70,2025-11-25 15:56:41,2025-11-25 16:05:41,2025-11-25 16:23:41,2025-11-25 17:06:41,,3
215,33,46,,2026-01-14 21:40:16,2026-01-14,2026-01,2026,1,3,4,Wednesday,21,66.9,0.0,66.9,pix,,0,cancelado,1,0,,sem_avaliacao,,,,,2026-01-14 21:40:16,,,,2026-01-14 21:44:16,1
216,15,20,,2026-02-10 13:09:27,2026-02-10,2026-02,2026,2,7,3,Tuesday,13,121.13,0.0,121.13,pix,,0,saiu_para_entrega,0,0,,sem_avaliacao,8,29,,,2026-02-10 13:09:27,2026-02-10 13:17:27,2026-02-10 13:46:27,,,2
217,21,30,,2025-12-04 19:46:07,2025-12-04,2025-12,2025,12,49,5,Thursday,19,167.7,0.0,167.7,pix,,0,entregue,0,1,2.0,detrator,5,15,39,59,2025-12-04 19:46:07,2025-12-04 19:51:07,2025-12-04 20:06:07,2025-12-04 20:45:07,,4
218,33,46,,2026-05-04 19:45:41,2026-05-04,2026-05,2026,5,19,2,Monday,19,49.4,0.0,49.4,pix,,0,entregue,0,1,4.0,promotor,9,30,30,69,2026-05-04 19:45:41,2026-05-04 19:54:41,2026-05-04 20:24:41,2026-05-04 20:54:41,,1
219,12,16,,2026-02-14 21:31:44,2026-02-14,2026-02,2026,2,7,7,Saturday,21,51.9,0.0,51.9,cartao_credito,,0,entregue,0,1,5.0,promotor,10,22,28,60,2026-02-14 21:31:44,2026-02-14 21:41:44,2026-02-14 22:03:44,2026-02-14 22:31:44,,1
220,7,10,,2026-02-17 18:56:02,2026-02-17,2026-02,2026,2,8,3,Tuesday,18,60.9,0.0,60.9,cartao_credito,,0,cancelado,1,0,,sem_avaliacao,,,,,2026-02-17 18:56:02,,,,2026-02-17 18:58:02,1
221,19,28,,2026-02-19 11:18:39,2026-02-19,2026-02,2026,2,8,5,Thursday,11,52.9,0.0,52.9,cartao_credito,,0,em_producao,0,0,,sem_avaliacao,5,,,,2026-02-19 11:18:39,2026-02-19 11:23:39,,,,1
222,21,30,5.0,2026-02-17 02:29:37,2026-02-17,2026-02,2026,2,8,3,Tuesday,2,139.8,5.0,134.8,pix,,1,cancelado,1,0,,sem_avaliacao,,,,,2026-02-17 02:29:37,,,,2026-02-17 02:35:37,3
223,25,35,3.0,2025-11-30 20:58:21,2025-11-30,2025-11,2025,11,48,1,Sunday,20,110.8,20.0,90.8,pix,,1,entregue,0,1,5.0,promotor,5,20,42,67,2025-11-30 20:58:21,2025-11-30 21:03:21,2025-11-30 21:23:21,2025-11-30 22:05:21,,2
224,52,71,1.0,2025-11-22 19:31:15,2025-11-22,2025-11,2025,11,47,7,Saturday,19,107.8,10.78,97.02,cartao_credito,,1,entregue,0,1,5.0,promotor,10,29,28,67,2025-11-22 19:31:15,2025-11-22 19:41:15,2025-11-22 20:10:15,2025-11-22 20:38:15,,2
225,59,79,,2025-12-08 04:26:11,2025-12-08,2025-12,2025,12,50,2,Monday,4,132.3,0.0,132.3,cartao_credito,,0,entregue,0,1,5.0,promotor,7,20,45,72,2025-12-08 04:26:11,2025-12-08 04:33:11,2025-12-08 04:53:11,2025-12-08 05:38:11,,3
226,45,62,,2026-01-01 19:06:36,2026-01-01,2026-01,2026,1,1,5,Thursday,19,171.87,0.0,171.87,cartao_credito,,0,entregue,0,1,1.0,detrator,4,30,38,72,2026-01-01 19:06:36,2026-01-01 19:10:36,2026-01-01 19:40:36,2026-01-01 20:18:36,,3
227,55,74,3.0,2025-12-31 21:26:26,2025-12-31,2025-12,2025,12,53,4,Wednesday,21,128.8,20.0,108.8,cartao_credito,,1,entregue,0,1,,sem_avaliacao,8,21,15,44,2025-12-31 21:26:26,2025-12-31 21:34:26,2025-12-31 21:55:26,2025-12-31 22:10:26,,3
228,31,44,,2026-05-18 18:02:41,2026-05-18,2026-05,2026,5,21,2,Monday,18,115.3,0.0,115.3,cartao_debito,,0,entregue,0,1,5.0,promotor,5,29,43,77,2026-05-18 18:02:41,2026-05-18 18:07:41,2026-05-18 18:36:41,2026-05-18 19:19:41,,2
229,10,14,,2026-01-14 21:21:24,2026-01-14,2026-01,2026,1,3,4,Wednesday,21,113.13,0.0,113.13,cartao_credito,,0,entregue,0,1,4.0,promotor,5,27,20,52,2026-01-14 21:21:24,2026-01-14 21:26:24,2026-01-14 21:53:24,2026-01-14 22:13:24,,3
230,33,46,,2025-11-26 21:57:32,2025-11-26,2025-11,2025,11,48,4,Wednesday,21,50.9,0.0,50.9,cartao_debito,,0,entregue,0,1,,sem_avaliacao,8,30,38,76,2025-11-26 21:57:32,2025-11-26 22:05:32,2025-11-26 22:35:32,2025-11-26 23:13:32,,1
231,14,18,,2026-04-11 03:24:45,2026-04-11,2026-04,2026,4,15,7,Saturday,3,94.3,0.0,94.3,cartao_credito,,0,cancelado,1,0,,sem_avaliacao,,,,,2026-04-11 03:24:45,,,,2026-04-11 03:26:45,2
232,13,17,4.0,2026-01-16 14:20:49,2026-01-16,2026-01,2026,1,3,6,Friday,14,64.4,12.88,51.52,pix,,1,entregue,0,1,4.0,promotor,4,23,19,46,2026-01-16 14:20:49,2026-01-16 14:24:49,2026-01-16 14:47:49,2026-01-16 15:06:49,,2
233,9,12,,2025-11-27 18:43:03,2025-11-27,2025-11,2025,11,48,5,Thursday,18,109.8,0.0,109.8,pix,,0,entregue,0,1,5.0,promotor,3,17,28,48,2025-11-27 18:43:03,2025-11-27 18:46:03,2025-11-27 19:03:03,2025-11-27 19:31:03,,2
234,30,42,,2026-01-20 20:45:49,2026-01-20,2026-01,2026,1,4,3,Tuesday,20,110.3,0.0,110.3,cartao_debito,,0,entregue,0,1,4.0,promotor,6,22,19,47,2026-01-20 20:45:49,2026-01-20 20:51:49,2026-01-20 21:13:49,2026-01-20 21:32:49,,3
235,7,10,,2026-02-08 21:50:06,2026-02-08,2026-02,2026,2,6,1,Sunday,21,106.8,0.0,106.8,cartao_credito,,0,entregue,0,1,,sem_avaliacao,4,24,32,60,2026-02-08 21:50:06,2026-02-08 21:54:06,2026-02-08 22:18:06,2026-02-08 22:50:06,,2
236,28,39,,2026-03-11 20:34:44,2026-03-11,2026-03,2026,3,11,4,Wednesday,20,66.9,0.0,66.9,cartao_credito,,0,entregue,0,1,,sem_avaliacao,4,30,18,52,2026-03-11 20:34:44,2026-03-11 20:38:44,2026-03-11 21:08:44,2026-03-11 21:26:44,,2
237,21,30,,2026-02-25 19:03:05,2026-02-25,2026-02,2026,2,9,4,Wednesday,19,69.9,0.0,69.9,pix,,0,entregue,0,1,5.0,promotor,5,15,39,59,2026-02-25 19:03:05,2026-02-25 19:08:05,2026-02-25 19:23:05,2026-02-25 20:02:05,,2
238,59,79,,2026-01-27 23:37:00,2026-01-27,2026-01,2026,1,5,3,Tuesday,23,62.4,0.0,62.4,pix,,0,entregue,0,1,,sem_avaliacao,9,19,42,70,2026-01-27 23:37:00,2026-01-27 23:46:00,2026-01-28 00:05:00,2026-01-28 00:47:00,,2
239,26,36,,2026-03-22 15:24:25,2026-03-22,2026-03,2026,3,12,1,Sunday,15,142.8,0.0,142.8,pix,,0,entregue,0,1,3.0,neutro,6,20,30,56,2026-03-22 15:24:25,2026-03-22 15:30:25,2026-03-22 15:50:25,2026-03-22 16:20:25,,3
240,30,42,,2026-05-14 20:38:59,2026-05-14,2026-05,2026,5,20,5,Thursday,20,108.8,0.0,108.8,cartao_credito,,0,entregue,0,1,,sem_avaliacao,5,29,31,65,2026-05-14 20:38:59,2026-05-14 20:43:59,2026-05-14 21:12:59,2026-05-14 21:43:59,,2
241,37,52,,2026-01-31 02:02:36,2026-01-31,2026-01,2026,1,5,7,Saturday,2,113.13,0.0,113.13,cartao_credito,,0,entregue,0,1,5.0,promotor,8,18,33,59,2026-01-31 02:02:36,2026-01-31 02:10:36,2026-01-31 02:28:36,2026-01-31 03:01:36,,2
242,41,58,,2026-03-06 21:19:39,2026-03-06,2026-03,2026,3,10,6,Friday,21,190.7,0.0,190.7,cartao_credito,,0,entregue,0,1,5.0,promotor,8,15,30,53,2026-03-06 21:19:39,2026-03-06 21:27:39,2026-03-06 21:42:39,2026-03-06 22:12:39,,4
243,32,45,,2025-12-07 09:04:54,2025-12-07,2025-12,2025,12,49,1,Sunday,9,118.8,0.0,118.8,pix,,0,entregue,0,1,,sem_avaliacao,7,19,34,60,2025-12-07 09:04:54,2025-12-07 09:11:54,2025-12-07 09:30:54,2025-12-07 10:04:54,,3
244,22,31,1.0,2025-12-07 23:38:59,2025-12-07,2025-12,2025,12,49,1,Sunday,23,71.4,7.14,64.26,pix,,1,cancelado,1,0,,sem_avaliacao,,,,,2025-12-07 23:38:59,,,,2025-12-07 23:46:59,2
245,30,42,,2026-02-06 18:30:47,2026-02-06,2026-02,2026,2,6,6,Friday,18,91.57,0.0,91.57,cartao_debito,,0,saiu_para_entrega,0,0,,sem_avaliacao,6,27,,,2026-02-06 18:30:47,2026-02-06 18:36:47,2026-02-06 19:03:47,,,2
246,3,4,,2025-12-10 22:40:22,2025-12-10,2025-12,2025,12,50,4,Wednesday,22,121.3,0.0,121.3,pix,,0,saiu_para_entrega,0,0,,sem_avaliacao,9,23,,,2025-12-10 22:40:22,2025-12-10 22:49:22,2025-12-10 23:12:22,,,2
247,21,30,,2026-03-07 00:00:53,2026-03-07,2026-03,2026,3,10,7,Saturday,0,57.9,0.0,57.9,pix,,0,entregue,0,1,,sem_avaliacao,9,18,31,58,2026-03-07 00:00:53,2026-03-07 00:09:53,2026-03-07 00:27:53,2026-03-07 00:58:53,,2
248,14,18,,2026-03-17 19:45:07,2026-03-17,2026-03,2026,3,12,3,Tuesday,19,111.8,0.0,111.8,cartao_debito,,0,entregue,0,1,5.0,promotor,5,27,36,68,2026-03-17 19:45:07,2026-03-17 19:50:07,2026-03-17 20:17:07,2026-03-17 20:53:07,,2
249,50,68,,2025-12-05 14:03:24,2025-12-05,2025-12,2025,12,49,6,Friday,14,80.9,0.0,80.9,cartao_debito,,0,entregue,0,1,5.0,promotor,3,23,45,71,2025-12-05 14:03:24,2025-12-05 14:06:24,2025-12-05 14:29:24,2025-12-05 15:14:24,,2
250,46,63,,2026-01-10 08:04:04,2026-01-10,2026-01,2026,1,2,7,Saturday,8,45.9,0.0,45.9,cartao_debito,,0,entregue,0,1,5.0,promotor,7,29,15,51,2026-01-10 08:04:04,2026-01-10 08:11:04,2026-01-10 08:40:04,2026-01-10 08:55:04,,1
251,28,39,,2026-02-07 21:49:51,2026-02-07,2026-02,2026,2,6,7,Saturday,21,169.3,0.0,169.3,dinheiro,219.3,0,entregue,0,1,,sem_avaliacao,6,15,27,48,2026-02-07 21:49:51,2026-02-07 21:55:51,2026-02-07 22:10:51,2026-02-07 22:37:51,,3
252,19,28,5.0,2026-03-27 12:35:02,2026-03-27,2026-03,2026,3,13,6,Friday,12,68.9,5.0,63.9,pix,,1,saiu_para_entrega,0,0,,sem_avaliacao,6,24,,,2026-03-27 12:35:02,2026-03-27 12:41:02,2026-03-27 13:05:02,,,2
253,38,53,,2026-01-06 18:04:50,2026-01-06,2026-01,2026,1,2,3,Tuesday,18,100.8,0.0,100.8,dinheiro,110.8,0,entregue,0,1,,sem_avaliacao,7,30,32,69,2026-01-06 18:04:50,2026-01-06 18:11:50,2026-01-06 18:41:50,2026-01-06 19:13:50,,2
254,15,20,,2026-05-20 06:47:09,2026-05-20,2026-05,2026,5,21,4,Wednesday,6,42.9,0.0,42.9,dinheiro,47.9,0,entregue,0,1,3.0,neutro,3,30,44,77,2026-05-20 06:47:09,2026-05-20 06:50:09,2026-05-20 07:20:09,2026-05-20 08:04:09,,1
255,53,72,2.0,2025-12-12 08:38:51,2025-12-12,2025-12,2025,12,50,6,Friday,8,120.47,18.07,102.4,pix,,1,entregue,0,1,,sem_avaliacao,4,21,28,53,2025-12-12 08:38:51,2025-12-12 08:42:51,2025-12-12 09:03:51,2025-12-12 09:31:51,,3
256,11,15,,2026-04-05 17:10:28,2026-04-05,2026-04,2026,4,14,1,Sunday,17,115.8,0.0,115.8,cartao_debito,,0,entregue,0,1,,sem_avaliacao,3,19,18,40,2026-04-05 17:10:28,2026-04-05 17:13:28,2026-04-05 17:32:28,2026-04-05 17:50:28,,3
257,45,62,,2025-12-16 12:40:17,2025-12-16,2025-12,2025,12,51,3,Tuesday,12,163.8,0.0,163.8,pix,,0,entregue,0,1,,sem_avaliacao,9,22,45,76,2025-12-16 12:40:17,2025-12-16 12:49:17,2025-12-16 13:11:17,2025-12-16 13:56:17,,3
258,35,49,4.0,2026-02-28 13:49:40,2026-02-28,2026-02,2026,2,9,7,Saturday,13,69.9,13.98,55.92,pix,,1,entregue,0,1,4.0,promotor,7,16,21,44,2026-02-28 13:49:40,2026-02-28 13:56:40,2026-02-28 14:12:40,2026-02-28 14:33:40,,1
259,52,71,,2026-05-13 20:02:06,2026-05-13,2026-05,2026,5,20,4,Wednesday,20,68.9,0.0,68.9,pix,,0,entregue,0,1,3.0,neutro,5,20,40,65,2026-05-13 20:02:06,2026-05-13 20:07:06,2026-05-13 20:27:06,2026-05-13 21:07:06,,2
260,16,22,,2026-04-13 17:12:24,2026-04-13,2026-04,2026,4,16,2,Monday,17,64.4,0.0,64.4,pix,,0,cancelado,1,0,,sem_avaliacao,,,,,2026-04-13 17:12:24,,,,2026-04-13 17:21:24,2
261,13,17,,2026-01-25 09:44:36,2026-01-25,2026-01,2026,1,4,1,Sunday,9,60.23,0.0,60.23,cartao_credito,,0,entregue,0,1,,sem_avaliacao,5,18,42,65,2026-01-25 09:44:36,2026-01-25 09:49:36,2026-01-25 10:07:36,2026-01-25 10:49:36,,1
262,37,52,,2026-03-08 21:05:26,2026-03-08,2026-03,2026,3,10,1,Sunday,21,63.9,0.0,63.9,cartao_debito,,0,cancelado,1,0,,sem_avaliacao,,,,,2026-03-08 21:05:26,,,,2026-03-08 21:14:26,1
263,38,53,,2025-12-20 22:57:00,2025-12-20,2025-12,2025,12,51,7,Saturday,22,61.9,0.0,61.9,cartao_debito,,0,entregue,0,1,4.0,promotor,3,16,30,49,2025-12-20 22:57:00,2025-12-20 23:00:00,2025-12-20 23:16:00,2025-12-20 23:46:00,,1
264,47,64,,2026-02-08 22:08:22,2026-02-08,2026-02,2026,2,6,1,Sunday,22,78.4,0.0,78.4,cartao_credito,,0,entregue,0,1,,sem_avaliacao,4,15,30,49,2026-02-08 22:08:22,2026-02-08 22:12:22,2026-02-08 22:27:22,2026-02-08 22:57:22,,2
265,24,34,,2026-03-23 18:40:00,2026-03-23,2026-03,2026,3,13,2,Monday,18,70.9,0.0,70.9,pix,,0,cancelado,1,0,,sem_avaliacao,,,,,2026-03-23 18:40:00,,,,2026-03-23 18:53:00,1
266,44,61,5.0,2025-12-07 19:21:47,2025-12-07,2025-12,2025,12,49,1,Sunday,19,58.9,5.0,53.9,pix,,1,em_producao,0,0,,sem_avaliacao,8,,,,2025-12-07 19:21:47,2025-12-07 19:29:47,,,,1
267,50,68,,2025-12-31 10:21:15,2025-12-31,2025-12,2025,12,53,4,Wednesday,10,75.9,0.0,75.9,cartao_debito,,0,entregue,0,1,3.0,neutro,10,21,39,70,2025-12-31 10:21:15,2025-12-31 10:31:15,2025-12-31 10:52:15,2025-12-31 11:31:15,,2
268,40,56,1.0,2026-02-01 21:44:51,2026-02-01,2026-02,2026,2,5,1,Sunday,21,60.9,6.09,54.81,cartao_debito,,1,saiu_para_entrega,0,0,,sem_avaliacao,4,21,,,2026-02-01 21:44:51,2026-02-01 21:48:51,2026-02-01 22:09:51,,,2
269,56,75,,2025-12-31 18:40:01,2025-12-31,2025-12,2025,12,53,4,Wednesday,18,135.8,0.0,135.8,cartao_credito,,0,entregue,0,1,5.0,promotor,5,30,26,61,2025-12-31 18:40:01,2025-12-31 18:45:01,2025-12-31 19:15:01,2025-12-31 19:41:01,,3
270,37,52,,2025-12-17 22:19:10,2025-12-17,2025-12,2025,12,51,4,Wednesday,22,139.8,0.0,139.8,dinheiro,149.8,0,entregue,0,1,3.0,neutro,6,30,26,62,2025-12-17 22:19:10,2025-12-17 22:25:10,2025-12-17 22:55:10,2025-12-17 23:21:10,,3
271,9,12,,2026-02-15 14:11:13,2026-02-15,2026-02,2026,2,7,1,Sunday,14,97.9,0.0,97.9,pix,,0,entregue,0,1,,sem_avaliacao,3,25,26,54,2026-02-15 14:11:13,2026-02-15 14:14:13,2026-02-15 14:39:13,2026-02-15 15:05:13,,2
272,10,14,1.0,2025-11-22 23:34:32,2025-11-22,2025-11,2025,11,47,7,Saturday,23,160.2,16.02,144.18,pix,,1,entregue,0,1,4.0,promotor,7,30,43,80,2025-11-22 23:34:32,2025-11-22 23:41:32,2025-11-23 00:11:32,2025-11-23 00:54:32,,4
273,60,80,,2026-04-19 14:01:05,2026-04-19,2026-04,2026,4,16,1,Sunday,14,48.9,0.0,48.9,pix,,0,entregue,0,1,4.0,promotor,10,17,31,58,2026-04-19 14:01:05,2026-04-19 14:11:05,2026-04-19 14:28:05,2026-04-19 14:59:05,,1
274,29,40,,2026-05-10 19:13:46,2026-05-10,2026-05,2026,5,19,1,Sunday,19,212.37,0.0,212.37,cartao_debito,,0,cancelado,1,0,,sem_avaliacao,,,,,2026-05-10 19:13:46,,,,2026-05-10 19:17:46,4
275,12,16,,2026-03-09 18:36:48,2026-03-09,2026-03,2026,3,11,2,Monday,18,128.13,0.0,128.13,pix,,0,em_producao,0,0,,sem_avaliacao,6,,,,2026-03-09 18:36:48,2026-03-09 18:42:48,,,,3
276,31,44,,2025-12-15 19:57:18,2025-12-15,2025-12,2025,12,51,2,Monday,19,65.9,0.0,65.9,pix,,0,entregue,0,1,4.0,promotor,10,22,15,47,2025-12-15 19:57:18,2025-12-15 20:07:18,2025-12-15 20:29:18,2025-12-15 20:44:18,,1
277,33,46,,2026-04-12 19:54:16,2026-04-12,2026-04,2026,4,15,1,Sunday,19,97.8,0.0,97.8,cartao_credito,,0,entregue,0,1,5.0,promotor,3,19,25,47,2026-04-12 19:54:16,2026-04-12 19:57:16,2026-04-12 20:16:16,2026-04-12 20:41:16,,2
278,7,10,,2026-03-17 20:34:20,2026-03-17,2026-03,2026,3,12,3,Tuesday,20,84.9,0.0,84.9,cartao_credito,,0,cancelado,1,0,,sem_avaliacao,,,,,2026-03-17 20:34:20,,,,2026-03-17 20:47:20,2
279,11,15,,2025-12-11 12:32:14,2025-12-11,2025-12,2025,12,50,5,Thursday,12,98.9,0.0,98.9,pix,,0,cancelado,1,0,,sem_avaliacao,,,,,2025-12-11 12:32:14,,,,2025-12-11 12:35:14,2
280,49,67,,2026-01-26 11:19:01,2026-01-26,2026-01,2026,1,5,2,Monday,11,56.9,0.0,56.9,cartao_debito,,0,entregue,0,1,,sem_avaliacao,4,22,19,45,2026-01-26 11:19:01,2026-01-26 11:23:01,2026-01-26 11:45:01,2026-01-26 12:04:01,,1
