id,pedido_id,status_anterior,status_novo,created_at,minutos_desde_status_anterior
1,1,,recebido,2026-02-11 17:49:37,
2,1,recebido,em_producao,2026-02-11 17:52:37,3.0
3,1,em_producao,saiu_para_entrega,2026-02-11 18:19:37,27.0
4,2,,recebido,2026-01-03 14:31:01,
5,2,recebido,em_producao,2026-01-03 14:40:01,9.0
6,2,em_producao,saiu_para_entrega,2026-01-03 15:00:01,20.0
7,2,saiu_para_entrega,entregue,2026-01-03 15:41:01,41.0
8,3,,recebido,2026-01-26 20:24:17,
9,3,recebido,em_producao,2026-01-26 20:33:17,9.0
10,3,em_producao,saiu_para_entrega,2026-01-26 20:56:17,23.0
11,3,saiu_para_entrega,entregue,2026-01-26 21:37:17,41.0
12,4,,recebido,2025-12-30 21:39:09,
13,4,recebido,em_producao,2025-12-30 21:49:09,10.0
14,4,em_producao,saiu_para_entrega,2025-12-30 22:07:09,18.0
15,4,saiu_para_entrega,entregue,2025-12-30 22:40:09,33.0
16,5,,recebido,2026-03-13 02:19:36,
17,5,recebido,em_producao,2026-03-13 02:28:36,9.0
18,5,em_producao,saiu_para_entrega,2026-03-13 02:55:36,27.0
19,5,saiu_para_entrega,entregue,2026-03-13 03:40:36,45.0
20,6,,recebido,2026-04-22 03:34:27,
21,6,recebido,em_producao,2026-04-22 03:38:27,4.0
22,6,em_producao,saiu_para_entrega,2026-04-22 04:03:27,25.0
23,6,saiu_para_entrega,entregue,2026-04-22 04:18:27,15.0
24,7,,recebido,2026-04-20 18:27:52,
25,7,recebido,em_producao,2026-04-20 18:34:52,7.0
26,7,em_producao,saiu_para_entrega,2026-04-20 18:59:52,25.0
27,7,saiu_para_entrega,entregue,2026-04-20 19:41:52,42.0
28,8,,recebido,2026-04-10 17:35:48,
29,8,recebido,em_producao,2026-04-10 17:45:48,10.0
30,8,em_producao,saiu_para_entrega,2026-04-10 18:15:48,30.0
31,8,saiu_para_entrega,entregue,2026-04-10 18:44:48,29.0
32,9,,recebido,2026-02-17 14:16:14,
33,9,recebido,em_producao,2026-02-17 14:22:14,6.0
34,9,em_producao,saiu_para_entrega,2026-02-17 14:47:14,25.0
35,9,saiu_para_entrega,entregue,2026-02-17 15:05:14,18.0
36,10,,recebido,2026-01-17 20:08:40,
37,10,recebido,cancelado,2026-01-17 20:10:40,2.0
38,11,,recebido,2026-03-13 19:03:09,
39,11,recebido,em_producao,2026-03-13 19:10:09,7.0
40,11,em_producao,saiu_para_entrega,2026-03-13 19:27:09,17.0
41,11,saiu_para_entrega,entregue,2026-03-13 19:49:09,22.0
42,12,,recebido,2025-12-31 19:16:42,
43,12,recebido,em_producao,2025-12-31 19:22:42,6.0
44,12,em_producao,saiu_para_entrega,2025-12-31 19:42:42,20.0
45,12,saiu_para_entrega,entregue,2025-12-31 20:14:42,32.0
46,13,,recebido,2025-12-29 17:34:14,
47,13,recebido,em_producao,2025-12-29 17:41:14,7.0
48,13,em_producao,saiu_para_entrega,2025-12-29 18:00:14,19.0
49,13,saiu_para_entrega,entregue,2025-12-29 18:17:14,17.0
50,14,,recebido,2026-05-07 19:01:48,
51,14,recebido,em_producao,2026-05-07 19:08:48,7.0
52,14,em_producao,saiu_para_entrega,2026-05-07 19:24:48,16.0
53,14,saiu_para_entrega,entregue,2026-05-07 20:03:48,39.0
54,15,,recebido,2026-01-24 17:31:18,
55,15,recebido,em_producao,2026-01-24 17:40:18,9.0
56,15,em_producao,saiu_para_entrega,2026-01-24 17:56:18,16.0
57,15,saiu_para_entrega,entregue,2026-01-24 18:25:18,29.0
58,16,,recebido,2026-03-22 18:03:13,
59,16,recebido,em_producao,2026-03-22 18:08:13,5.0
60,16,em_producao,saiu_para_entrega,2026-03-22 18:32:13,24.0
61,16,saiu_para_entrega,entregue,2026-03-22 19:01:13,29.0
62,17,,recebido,2026-04-09 15:45:17,
63,17,recebido,em_producao,2026-04-09 15:55:17,10.0
64,17,em_producao,saiu_para_entrega,2026-04-09 16:25:17,30.0
65,17,saiu_para_entrega,entregue,2026-04-09 16:47:17,22.0
66,18,,recebido,2026-01-26 22:32:17,
67,18,recebido,cancelado,2026-01-26 22:43:17,11.0
68,19,,recebido,2026-01-22 20:45:58,
69,19,recebido,em_producao,2026-01-22 20:54:58,9.0
70,19,em_producao,saiu_para_entrega,2026-01-22 21:13:58,19.0
71,19,saiu_para_entrega,entregue,2026-01-22 21:43:58,30.0
72,20,,recebido,2025-12-06 18:16:21,
73,20,recebido,em_producao,2025-12-06 18:25:21,9.0
74,20,em_producao,saiu_para_entrega,2025-12-06 18:42:21,17.0
75,20,saiu_para_entrega,entregue,2025-12-06 19:24:21,42.0
76,21,,recebido,2026-04-05 15:01:02,
77,21,recebido,em_producao,2026-04-05 15:04:02,3.0
78,21,em_producao,saiu_para_entrega,2026-04-05 15:28:02,24.0
79,21,saiu_para_entrega,entregue,2026-04-05 15:54:02,26.0
80,22,,recebido,2026-01-05 18:16:29,
81,22,recebido,em_producao,2026-01-05 18:19:29,3.0
82,22,em_producao,saiu_para_entrega,2026-01-05 18:48:29,29.0
83,22,saiu_para_entrega,entregue,2026-01-05 19:31:29,43.0
84,23,,recebido,2025-12-12 13:36:22,
85,23,recebido,em_producao,2025-12-12 13:43:22,7.0
86,23,em_producao,saiu_para_entrega,2025-12-12 13:58:22,15.0
87,23,saiu_para_entrega,entregue,2025-12-12 14:39:22,41.0
88,24,,recebido,2026-03-25 12:16:43,
89,24,recebido,em_producao,2026-03-25 12:21:43,5.0
90,24,em_producao,saiu_para_entrega,2026-03-25 12:39:43,18.0
91,24,saiu_para_entrega,entregue,2026-03-25 13:22:43,43.0
92,25,,recebido,2026-05-17 14:10:16,
93,25,recebido,em_producao,2026-05-17 14:20:16,10.0
94,26,,recebido,2026-04-15 20:37:24,
95,26,recebido,cancelado,2026-04-15 20:42:24,5.0
96,27,,recebido,2026-01-06 21:08:24,
97,27,recebido,em_producao,2026-01-06 21:17:24,9.0
98,27,em_producao,saiu_para_entrega,2026-01-06 21:36:24,19.0
99,27,saiu_para_entrega,entregue,2026-01-06 22:19:24,43.0
100,28,,recebido,2026-01-31 19:41:22,
101,28,recebido,em_producao,2026-01-31 19:48:22,7.0
102,28,em_producao,saiu_para_entrega,2026-01-31 20:09:22,21.0
103,28,saiu_para_entrega,entregue,2026-01-31 20:54:22,45.0
104,29,,recebido,2025-12-31 19:52:55,
105,29,recebido,em_producao,2025-12-31 19:57:55,5.0
106,29,em_producao,saiu_para_entrega,2025-12-31 20:12:55,15.0
107,29,saiu_para_entrega,entregue,2025-12-31 20:35:55,23.0
108,30,,recebido,2026-01-23 01:16:03,
109,30,recebido,em_producao,2026-01-23 01:25:03,9.0
110,30,em_producao,saiu_para_entrega,2026-01-23 01:43:03,18.0
111,30,saiu_para_entrega,entregue,2026-01-23 02:21:03,38.0
112,31,,recebido,2026-05-05 17:43:06,
113,31,recebido,em_producao,2026-05-05 17:53:06,10.0
114,31,em_producao,saiu_para_entrega,2026-05-05 18:10:06,17.0
115,31,saiu_para_entrega,entregue,2026-05-05 18:53:06,43.0
116,32,,recebido,2026-05-06 19:56:49,
117,32,recebido,em_producao,2026-05-06 20:02:49,6.0
118,32,em_producao,saiu_para_entrega,2026-05-06 20:30:49,28.0
119,32,saiu_para_entrega,entregue,2026-05-06 20:59:49,29.0
120,33,,recebido,2026-04-15 20:51:08,
121,33,recebido,em_producao,2026-04-15 20:59:08,8.0
122,33,em_producao,saiu_para_entrega,2026-04-15 21:17:08,18.0
123,33,saiu_para_entrega,entregue,2026-04-15 21:45:08,28.0
124,34,,recebido,2026-05-04 19:49:52,
125,34,recebido,em_producao,2026-05-04 19:52:52,3.0
126,34,em_producao,saiu_para_entrega,2026-05-04 20:15:52,23.0
127,34,saiu_para_entrega,entregue,2026-05-04 20:30:52,15.0
128,35,,recebido,2026-01-26 10:19:46,
129,35,recebido,em_producao,2026-01-26 10:23:46,4.0
130,35,em_producao,saiu_para_entrega,2026-01-26 10:39:46,16.0
131,35,saiu_para_entrega,entregue,2026-01-26 10:58:46,19.0
132,36,,recebido,2026-03-31 15:14:25,
133,37,,recebido,2026-01-05 18:53:42,
134,37,recebido,em_producao,2026-01-05 18:57:42,4.0
135,37,em_producao,saiu_para_entrega,2026-01-05 19:24:42,27.0
136,37,saiu_para_entrega,entregue,2026-01-05 20:06:42,42.0
137,38,,recebido,2026-04-26 22:29:53,
138,38,recebido,em_producao,2026-04-26 22:37:53,8.0
139,38,em_producao,saiu_para_entrega,2026-04-26 22:54:53,17.0
140,38,saiu_para_entrega,entregue,2026-04-26 23:22:53,28.0
141,39,,recebido,2026-05-16 20:22:46,
142,39,recebido,em_producao,2026-05-16 20:27:46,5.0
143,39,em_producao,saiu_para_entrega,2026-05-16 20:49:46,22.0
144,40,,recebido,2026-04-18 19:43:59,
145,40,recebido,cancelado,2026-04-18 19:52:59,9.0
146,41,,recebido,2026-03-26 21:54:05,
147,41,recebido,em_producao,2026-03-26 22:03:05,9.0
148,41,em_producao,saiu_para_entrega,2026-03-26 22:32:05,29.0
149,41,saiu_para_entrega,entregue,2026-03-26 23:05:05,33.0
150,42,,recebido,2026-03-19 10:23:58,
151,42,recebido,em_producao,2026-03-19 10:32:58,9.0
152,42,em_producao,saiu_para_entrega,2026-03-19 10:57:58,25.0
153,42,saiu_para_entrega,entregue,2026-03-19 11:33:58,36.0
154,43,,recebido,2025-12-07 19:09:58,
155,43,recebido,em_producao,2025-12-07 19:18:58,9.0
156,43,em_producao,saiu_para_entrega,2025-12-07 19:37:58,19.0
157,43,saiu_para_entrega,entregue,2025-12-07 20:11:58,34.0
158,44,,recebido,2026-01-30 15:13:21,
159,44,recebido,em_producao,2026-01-30 15:23:21,10.0
160,44,em_producao,saiu_para_entrega,2026-01-30 15:44:21,21.0
161,45,,recebido,2026-04-19 19:38:24,
162,45,recebido,em_producao,2026-04-19 19:43:24,5.0
163,45,em_producao,saiu_para_entrega,2026-04-19 20:03:24,20.0
164,45,saiu_para_entrega,entregue,2026-04-19 20:41:24,38.0
165,46,,recebido,2026-01-31 20:36:28,
166,46,recebido,em_producao,2026-01-31 20:43:28,7.0
167,46,em_producao,saiu_para_entrega,2026-01-31 21:10:28,27.0
168,46,saiu_para_entrega,entregue,2026-01-31 21:41:28,31.0
169,47,,recebido,2026-04-29 18:22:59,
170,47,recebido,em_producao,2026-04-29 18:25:59,3.0
171,47,em_producao,saiu_para_entrega,2026-04-29 18:52:59,27.0
172,47,saiu_para_entrega,entregue,2026-04-29 19:23:59,31.0
173,48,,recebido,2026-05-18 21:44:53,
174,48,recebido,em_producao,2026-05-18 21:54:53,10.0
175,48,em_producao,saiu_para_entrega,2026-05-18 22:23:53,29.0
176,48,saiu_para_entrega,entregue,2026-05-18 22:57:53,34.0
177,49,,recebido,2026-04-24 19:04:07,
178,49,recebido,cancelado,2026-04-24 19:14:07,10.0
179,50,,recebido,2026-04-23 23:35:01,
180,50,recebido,em_producao,2026-04-23 23:45:01,10.0
181,50,em_producao,saiu_para_entrega,2026-04-24 00:01:01,16.0
182,50,saiu_para_entrega,entregue,2026-04-24 00:36:01,35.0
183,51,,recebido,2026-04-17 16:02:22,
184,51,recebido,em_producao,2026-04-17 16:07:22,5.0
185,51,em_producao,saiu_para_entrega,2026-04-17 16:36:22,29.0
186,51,saiu_para_entrega,entregue,2026-04-17 17:13:22,37.0
187,52,,recebido,2026-02-21 14:48:41,
188,52,recebido,em_producao,2026-02-21 14:56:41,8.0
189,52,em_producao,saiu_para_entrega,2026-02-21 15:12:41,16.0
190,52,saiu_para_entrega,entregue,2026-02-21 15:54:41,42.0
191,53,,recebido,2026-01-12 21:46:27,
192,53,recebido,em_producao,2026-01-12 21:51:27,5.0
193,53,em_producao,saiu_para_entrega,2026-01-12 22:15:27,24.0
194,53,saiu_para_entrega,entregue,2026-01-12 22:40:27,25.0
195,54,,recebido,2026-03-25 17:32:51,
196,54,recebido,em_producao,2026-03-25 17:37:51,5.0
197,54,em_producao,saiu_para_entrega,2026-03-25 17:52:51,15.0
198,54,saiu_para_entrega,entregue,2026-03-25 18:11:51,19.0
199,55,,recebido,2026-01-31 17:41:17,
200,55,recebido,em_producao,2026-01-31 17:45:17,4.0
201,55,em_producao,saiu_para_entrega,2026-01-31 18:00:17,15.0
202,55,saiu_para_entrega,entregue,2026-01-31 18:38:17,38.0
203,56,,recebido,2026-05-15 20:05:51,
204,56,recebido,em_producao,2026-05-15 20:13:51,8.0
205,56,em_producao,saiu_para_entrega,2026-05-15 20:39:51,26.0
206,56,saiu_para_entrega,entregue,2026-05-15 21:16:51,37.0
207,57,,recebido,2026-01-06 20:01:23,
208,57,recebido,em_producao,2026-01-06 20:09:23,8.0
209,57,em_producao,saiu_para_entrega,2026-01-06 20:38:23,29.0
210,57,saiu_para_entrega,entregue,2026-01-06 21:18:23,40.0
211,58,,recebido,2025-12-15 23:41:04,
212,58,recebido,em_producao,2025-12-15 23:49:04,8.0
213,58,em_producao,saiu_para_entrega,2025-12-16 00:08:04,19.0
214,58,saiu_para_entrega,entregue,2025-12-16 00:51:04,43.0
215,59,,recebido,2025-12-06 13:40:35,
216,59,recebido,em_producao,2025-12-06 13:47:35,7.0
217,59,em_producao,saiu_para_entrega,2025-12-06 14:04:35,17.0
218,59,saiu_para_entrega,entregue,2025-12-06 14:35:35,31.0
219,60,,recebido,2025-11-27 18:40:34,
220,60,recebido,em_producao,2025-11-27 18:47:34,7.0
221,60,em_producao,saiu_para_entrega,2025-11-27 19:17:34,30.0
222,60,saiu_para_entrega,entregue,2025-11-27 19:39:34,22.0
223,61,,recebido,2026-01-27 23:08:48,
224,61,recebido,em_producao,2026-01-27 23:12:48,4.0
225,61,em_producao,saiu_para_entrega,2026-01-27 23:37:48,25.0
226,61,saiu_para_entrega,entregue,2026-01-27 23:59:48,22.0
227,62,,recebido,2026-03-13 20:12:48,
228,62,recebido,em_producao,2026-03-13 20:22:48,10.0
229,62,em_producao,saiu_para_entrega,2026-03-13 20:52:48,30.0
230,62,saiu_para_entrega,entregue,2026-03-13 21:35:48,43.0
231,63,,recebido,2025-11-23 21:27:08,
232,63,recebido,cancelado,2025-11-23 21:29:08,2.0
233,64,,recebido,2026-02-01 21:21:35,
234,64,recebido,em_producao,2026-02-01 21:26:35,5.0
235,65,,recebido,2026-03-19 21:08:20,
236,65,recebido,em_producao,2026-03-19 21:16:20,8.0
237,66,,recebido,2026-05-15 20:44:40,
238,66,recebido,em_producao,2026-05-15 20:54:40,10.0
239,66,em_producao,saiu_para_entrega,2026-05-15 21:17:40,23.0
240,66,saiu_para_entrega,entregue,2026-05-15 22:02:40,45.0
241,67,,recebido,2026-02-21 21:47:46,
242,67,recebido,em_producao,2026-02-21 21:52:46,5.0
243,67,em_producao,saiu_para_entrega,2026-02-21 22:13:46,21.0
244,67,saiu_para_entrega,entregue,2026-02-21 22:45:46,32.0
245,68,,recebido,2026-02-24 15:22:35,
246,68,recebido,em_producao,2026-02-24 15:29:35,7.0
247,69,,recebido,2026-04-15 18:12:52,
248,69,recebido,em_producao,2026-04-15 18:19:52,7.0
249,69,em_producao,saiu_para_entrega,2026-04-15 18:38:52,19.0
250,69,saiu_para_entrega,entregue,2026-04-15 18:56:52,18.0
251,70,,recebido,2026-05-11 21:30:41,
252,70,recebido,em_producao,2026-05-11 21:37:41,7.0
253,70,em_producao,saiu_para_entrega,2026-05-11 22:02:41,25.0
254,70,saiu_para_entrega,entregue,2026-05-11 22:26:41,24.0
255,71,,recebido,2026-01-18 19:06:59,
256,72,,recebido,2025-12-27 01:21:50,
257,72,recebido,em_producao,2025-12-27 01:27:50,6.0
258,72,em_producao,saiu_para_entrega,2025-12-27 01:47:50,20.0
259,72,saiu_para_entrega,entregue,2025-12-27 02:21:50,34.0
260,73,,recebido,2026-03-14 20:00:16,
261,73,recebido,em_producao,2026-03-14 20:06:16,6.0
262,73,em_producao,saiu_para_entrega,2026-03-14 20:22:16,16.0
263,73,saiu_para_entrega,entregue,2026-03-14 20:58:16,36.0
264,74,,recebido,2026-02-17 20:38:23,
265,74,recebido,em_producao,2026-02-17 20:48:23,10.0
266,74,em_producao,saiu_para_entrega,2026-02-17 21:09:23,21.0
267,74,saiu_para_entrega,entregue,2026-02-17 21:48:23,39.0
268,75,,recebido,2026-02-15 09:13:45,
269,75,recebido,em_producao,2026-02-15 09:17:45,4.0
270,75,em_producao,saiu_para_entrega,2026-02-15 09:46:45,29.0
271,75,saiu_para_entrega,entregue,2026-02-15 10:26:45,40.0
272,76,,recebido,2026-03-13 06:27:22,
273,76,recebido,em_producao,2026-03-13 06:30:22,3.0
274,76,em_producao,saiu_para_entrega,2026-03-13 06:47:22,17.0
275,76,saiu_para_entrega,entregue,2026-03-13 07:31:22,44.0
276,77,,recebido,2026-05-09 22:24:24,
277,77,recebido,em_producao,2026-05-09 22:29:24,5.0
278,77,em_producao,saiu_para_entrega,2026-05-09 22:55:24,26.0
279,77,saiu_para_entrega,entregue,2026-05-09 23:13:24,18.0
280,78,,recebido,2026-05-10 20:07:02,
281,78,recebido,em_producao,2026-05-10 20:16:02,9.0
282,78,em_producao,saiu_para_entrega,2026-05-10 20:31:02,15.0
283,78,saiu_para_entrega,entregue,2026-05-10 20:53:02,22.0
284,79,,recebido,2026-01-16 13:58:46,
285,79,recebido,em_producao,2026-01-16 14:06:46,8.0
286,79,em_producao,saiu_para_entrega,2026-01-16 14:28:46,22.0
287,79,saiu_para_entrega,entregue,2026-01-16 14:52:46,24.0
288,80,,recebido,2025-12-19 21:58:03,
289,80,recebido,em_producao,2025-12-19 22:07:03,9.0
290,80,em_producao,saiu_para_entrega,2025-12-19 22:26:03,19.0
291,80,saiu_para_entrega,entregue,2025-12-19 22:53:03,27.0
292,81,,recebido,2026-04-18 19:42:35,
293,81,recebido,em_producao,2026-04-18 19:48:35,6.0
294,81,em_producao,saiu_para_entrega,2026-04-18 20:13:35,25.0
295,81,saiu_para_entrega,entregue,2026-04-18 20:37:35,24.0
296,82,,recebido,2026-02-03 18:41:22,
297,82,recebido,em_producao,2026-02-03 18:49:22,8.0
298,82,em_producao,saiu_para_entrega,2026-02-03 19:19:22,30.0
299,82,saiu_para_entrega,entregue,2026-02-03 19:48:22,29.0
300,83,,recebido,2026-03-08 19:43:21,
301,83,recebido,em_producao,2026-03-08 19:53:21,10.0
302,83,em_producao,saiu_para_entrega,2026-03-08 20:23:21,30.0
303,83,saiu_para_entrega,entregue,2026-03-08 20:52:21,29.0
304,84,,recebido,2025-12-04 20:00:13,
305,84,recebido,em_producao,2025-12-04 20:08:13,8.0
306,84,em_producao,saiu_para_entrega,2025-12-04 20:24:13,16.0
307,84,saiu_para_entrega,entregue,2025-12-04 20:58:13,34.0
308,85,,recebido,2026-05-18 08:09:15,
309,85,recebido,em_producao,2026-05-18 08:16:15,7.0
310,85,em_producao,saiu_para_entrega,2026-05-18 08:42:15,26.0
311,85,saiu_para_entrega,entregue,2026-05-18 09:05:15,23.0
312,86,,recebido,2026-02-08 17:35:30,
313,86,recebido,em_producao,2026-02-08 17:38:30,3.0
314,86,em_producao,saiu_para_entrega,2026-02-08 17:58:30,20.0
315,86,saiu_para_entrega,entregue,2026-02-08 18:15:30,17.0
316,87,,recebido,2026-05-05 15:13:37,
317,87,recebido,em_producao,2026-05-05 15:22:37,9.0
318,87,em_producao,saiu_para_entrega,2026-05-05 15:39:37,17.0
319,87,saiu_para_entrega,entregue,2026-05-05 16:03:37,24.0
320,88,,recebido,2026-02-14 13:04:21,
321,88,recebido,em_producao,2026-02-14 13:13:21,9.0
322,88,em_producao,saiu_para_entrega,2026-02-14 13:38:21,25.0
323,88,saiu_para_entrega,entregue,2026-02-14 13:53:21,15.0
324,89,,recebido,2025-12-21 17:50:40,
325,89,recebido,em_producao,2025-12-21 17:59:40,9.0
326,89,em_producao,saiu_para_entrega,2025-12-21 18:24:40,25.0
327,89,saiu_para_entrega,entregue,2025-12-21 18:50:40,26.0
328,90,,recebido,2026-03-09 08:38:50,
329,90,recebido,em_producao,2026-03-09 08:47:50,9.0
330,90,em_producao,saiu_para_entrega,2026-03-09 09:02:50,15.0
331,90,saiu_para_entrega,entregue,2026-03-09 09:26:50,24.0
332,91,,recebido,2026-04-10 19:38:39,
333,91,recebido,em_producao,2026-04-10 19:42:39,4.0
334,91,em_producao,saiu_para_entrega,2026-04-10 20:01:39,19.0
335,91,saiu_para_entrega,entregue,2026-04-10 20:25:39,24.0
336,92,,recebido,2025-12-26 22:20:18,
337,92,recebido,em_producao,2025-12-26 22:30:18,10.0
338,92,em_producao,saiu_para_entrega,2025-12-26 22:52:18,22.0
339,92,saiu_para_entrega,entregue,2025-12-26 23:17:18,25.0
340,93,,recebido,2026-05-01 20:52:54,
341,93,recebido,em_producao,2026-05-01 21:01:54,9.0
342,93,em_producao,saiu_para_entrega,2026-05-01 21:31:54,30.0
343,93,saiu_para_entrega,entregue,2026-05-01 21:50:54,19.0
344,94,,recebido,2026-04-24 23:44:57,
345,94,recebido,em_producao,2026-04-24 23:48:57,4.0
346,94,em_producao,saiu_para_entrega,2026-04-25 00:06:57,18.0
347,94,saiu_para_entrega,entregue,2026-04-25 00:45:57,39.0
348,95,,recebido,2026-02-19 20:37:44,
349,95,recebido,em_producao,2026-02-19 20:45:44,8.0
350,95,em_producao,saiu_para_entrega,2026-02-19 21:00:44,15.0
351,95,saiu_para_entrega,entregue,2026-02-19 21:30:44,30.0
352,96,,recebido,2026-01-18 03:45:07,
353,96,recebido,em_producao,2026-01-18 03:53:07,8.0
354,96,em_producao,saiu_para_entrega,2026-01-18 04:11:07,18.0
355,96,saiu_para_entrega,entregue,2026-01-18 04:47:07,36.0
356,97,,recebido,2025-12-31 14:45:51,
357,97,recebido,em_producao,2025-12-31 14:49:51,4.0
358,97,em_producao,saiu_para_entrega,2025-12-31 15:09:51,20.0
359,97,saiu_para_entrega,entregue,2025-12-31 15:35:51,26.0
360,98,,recebido,2026-04-28 20:51:19,
361,98,recebido,em_producao,2026-04-28 20:55:19,4.0
362,99,,recebido,2026-03-24 18:58:41,
363,99,recebido,em_producao,2026-03-24 19:03:41,5.0
364,100,,recebido,2026-04-28 17:35:32,
365,100,recebido,em_producao,2026-04-28 17:44:32,9.0
366,100,em_producao,saiu_para_entrega,2026-04-28 18:14:32,30.0
367,100,saiu_para_entrega,entregue,2026-04-28 18:42:32,28.0
368,101,,recebido,2025-12-13 19:17:49,
369,101,recebido,em_producao,2025-12-13 19:25:49,8.0
370,101,em_producao,saiu_para_entrega,2025-12-13 19:41:49,16.0
371,101,saiu_para_entrega,entregue,2025-12-13 20:20:49,39.0
372,102,,recebido,2026-05-08 23:49:51,
373,102,recebido,em_producao,2026-05-08 23:57:51,8.0
374,102,em_producao,saiu_para_entrega,2026-05-09 00:25:51,28.0
375,102,saiu_para_entrega,entregue,2026-05-09 00:45:51,20.0
376,103,,recebido,2026-05-08 19:44:55,
377,103,recebido,em_producao,2026-05-08 19:49:55,5.0
378,103,em_producao,saiu_para_entrega,2026-05-08 20:14:55,25.0
379,103,saiu_para_entrega,entregue,2026-05-08 20:55:55,41.0
380,104,,recebido,2026-05-10 17:31:20,
381,104,recebido,em_producao,2026-05-10 17:35:20,4.0
382,104,em_producao,saiu_para_entrega,2026-05-10 18:04:20,29.0
383,104,saiu_para_entrega,entregue,2026-05-10 18:39:20,35.0
384,105,,recebido,2026-02-23 20:57:43,
385,105,recebido,em_producao,2026-02-23 21:00:43,3.0
386,105,em_producao,saiu_para_entrega,2026-02-23 21:18:43,18.0
387,105,saiu_para_entrega,entregue,2026-02-23 21:53:43,35.0
388,106,,recebido,2026-01-13 08:23:16,
389,106,recebido,em_producao,2026-01-13 08:28:16,5.0
390,106,em_producao,saiu_para_entrega,2026-01-13 08:44:16,16.0
391,106,saiu_para_entrega,entregue,2026-01-13 09:11:16,27.0
392,107,,recebido,2026-02-11 20:30:04,
393,107,recebido,em_producao,2026-02-11 20:34:04,4.0
394,107,em_producao,saiu_para_entrega,2026-02-11 20:52:04,18.0
395,107,saiu_para_entrega,entregue,2026-02-11 21:10:04,18.0
396,108,,recebido,2026-02-15 21:05:57,
397,108,recebido,em_producao,2026-02-15 21:09:57,4.0
398,108,em_producao,saiu_para_entrega,2026-02-15 21:36:57,27.0
399,108,saiu_para_entrega,entregue,2026-02-15 22:02:57,26.0
400,109,,recebido,2026-01-17 19:50:57,
401,109,recebido,em_producao,2026-01-17 19:56:57,6.0
402,109,em_producao,saiu_para_entrega,2026-01-17 20:26:57,30.0
403,109,saiu_para_entrega,entregue,2026-01-17 20:53:57,27.0
404,110,,recebido,2025-12-05 01:04:00,
405,110,recebido,em_producao,2025-12-05 01:07:00,3.0
406,110,em_producao,saiu_para_entrega,2025-12-05 01:23:00,16.0
407,110,saiu_para_entrega,entregue,2025-12-05 02:08:00,45.0
408,111,,recebido,2026-03-05 16:37:40,
409,111,recebido,em_producao,2026-03-05 16:41:40,4.0
410,111,em_producao,saiu_para_entrega,2026-03-05 17:05:40,24.0
411,111,saiu_para_entrega,entregue,2026-03-05 17:42:40,37.0
412,112,,recebido,2025-12-16 20:55:17,
413,112,recebido,em_producao,2025-12-16 20:59:17,4.0
414,112,em_producao,saiu_para_entrega,2025-12-16 21:14:17,15.0
415,112,saiu_para_entrega,entregue,2025-12-16 21:39:17,25.0
416,113,,recebido,2026-04-10 09:47:32,
417,113,recebido,em_producao,2026-04-10 09:50:32,3.0
418,113,em_producao,saiu_para_entrega,2026-04-10 10:12:32,22.0
419,113,saiu_para_entrega,entregue,2026-04-10 10:28:32,16.0
420,114,,recebido,2026-04-10 15:52:04,
421,114,recebido,em_producao,2026-04-10 15:56:04,4.0
422,114,em_producao,saiu_para_entrega,2026-04-10 16:12:04,16.0
423,114,saiu_para_entrega,entregue,2026-04-10 16:32:04,20.0
424,115,,recebido,2025-12-30 15:50:19,
425,115,recebido,em_producao,2025-12-30 15:56:19,6.0
426,115,em_producao,saiu_para_entrega,2025-12-30 16:25:19,29.0
427,115,saiu_para_entrega,entregue,2025-12-30 16:51:19,26.0
428,116,,recebido,2026-04-17 19:54:47,
429,116,recebido,em_producao,2026-04-17 19:58:47,4.0
430,116,em_producao,saiu_para_entrega,2026-04-17 20:19:47,21.0
431,116,saiu_para_entrega,entregue,2026-04-17 20:50:47,31.0
432,117,,recebido,2026-02-18 23:05:37,
433,117,recebido,em_producao,2026-02-18 23:10:37,5.0
434,117,em_producao,saiu_para_entrega,2026-02-18 23:37:37,27.0
435,117,saiu_para_entrega,entregue,2026-02-18 23:54:37,17.0
436,118,,recebido,2026-04-21 20:06:09,
437,118,recebido,em_producao,2026-04-21 20:16:09,10.0
438,118,em_producao,saiu_para_entrega,2026-04-21 20:45:09,29.0
439,118,saiu_para_entrega,entregue,2026-04-21 21:10:09,25.0
440,119,,recebido,2026-05-02 21:09:05,
441,119,recebido,em_producao,2026-05-02 21:17:05,8.0
442,119,em_producao,saiu_para_entrega,2026-05-02 21:44:05,27.0
443,119,saiu_para_entrega,entregue,2026-05-02 22:15:05,31.0
444,120,,recebido,2025-12-03 21:14:08,
445,120,recebido,em_producao,2025-12-03 21:23:08,9.0
446,120,em_producao,saiu_para_entrega,2025-12-03 21:49:08,26.0
447,120,saiu_para_entrega,entregue,2025-12-03 22:25:08,36.0
448,121,,recebido,2026-04-03 17:22:13,
449,121,recebido,em_producao,2026-04-03 17:29:13,7.0
450,122,,recebido,2026-05-12 21:15:40,
451,123,,recebido,2026-04-27 20:03:51,
452,124,,recebido,2025-12-25 13:20:51,
453,124,recebido,em_producao,2025-12-25 13:28:51,8.0
454,124,em_producao,saiu_para_entrega,2025-12-25 13:43:51,15.0
455,124,saiu_para_entrega,entregue,2025-12-25 14:20:51,37.0
456,125,,recebido,2025-12-20 19:58:09,
457,125,recebido,em_producao,2025-12-20 20:06:09,8.0
458,125,em_producao,saiu_para_entrega,2025-12-20 20:23:09,17.0
459,125,saiu_para_entrega,entregue,2025-12-20 20:49:09,26.0
460,126,,recebido,2026-03-30 19:11:24,
461,126,recebido,em_producao,2026-03-30 19:18:24,7.0
462,126,em_producao,saiu_para_entrega,2026-03-30 19:37:24,19.0
463,126,saiu_para_entrega,entregue,2026-03-30 19:57:24,20.0
464,127,,recebido,2026-03-25 20:21:28,
465,127,recebido,em_producao,2026-03-25 20:27:28,6.0
466,127,em_producao,saiu_para_entrega,2026-03-25 20:49:28,22.0
467,127,saiu_para_entrega,entregue,2026-03-25 21:26:28,37.0
468,128,,recebido,2026-05-11 17:34:24,
469,128,recebido,em_producao,2026-05-11 17:44:24,10.0
470,128,em_producao,saiu_para_entrega,2026-05-11 18:06:24,22.0
471,128,saiu_para_entrega,entregue,2026-05-11 18:26:24,20.0
472,129,,recebido,2025-11-27 17:41:10,
473,129,recebido,em_producao,2025-11-27 17:50:10,9.0
474,129,em_producao,saiu_para_entrega,2025-11-27 18:10:10,20.0
475,129,saiu_para_entrega,entregue,2025-11-27 18:26:10,16.0
476,130,,recebido,2026-05-03 18:03:23,
477,130,recebido,em_producao,2026-05-03 18:07:23,4.0
478,130,em_producao,saiu_para_entrega,2026-05-03 18:31:23,24.0
479,130,saiu_para_entrega,entregue,2026-05-03 19:12:23,41.0
480,131,,recebido,2025-12-09 19:24:11,
481,131,recebido,em_producao,2025-12-09 19:33:11,9.0
482,131,em_producao,saiu_para_entrega,2025-12-09 19:59:11,26.0
483,131,saiu_para_entrega,entregue,2025-12-09 20:19:11,20.0
484,132,,recebido,2026-02-09 23:37:14,
485,132,recebido,em_producao,2026-02-09 23:46:14,9.0
486,132,em_producao,saiu_para_entrega,2026-02-10 00:14:14,28.0
487,132,saiu_para_entrega,entregue,2026-02-10 00:59:14,45.0
488,133,,recebido,2026-01-01 21:08:02,
489,133,recebido,em_producao,2026-01-01 21:17:02,9.0
490,133,em_producao,saiu_para_entrega,2026-01-01 21:38:02,21.0
491,133,saiu_para_entrega,entregue,2026-01-01 22:19:02,41.0
492,134,,recebido,2026-04-23 20:37:33,
493,134,recebido,em_producao,2026-04-23 20:41:33,4.0
494,134,em_producao,saiu_para_entrega,2026-04-23 21:09:33,28.0
495,134,saiu_para_entrega,entregue,2026-04-23 21:28:33,19.0
496,135,,recebido,2026-05-13 21:44:15,
497,135,recebido,em_producao,2026-05-13 21:54:15,10.0
498,135,em_producao,saiu_para_entrega,2026-05-13 22:17:15,23.0
499,135,saiu_para_entrega,entregue,2026-05-13 23:00:15,43.0
500,136,,recebido,2025-12-17 15:47:28,
501,136,recebido,em_producao,2025-12-17 15:55:28,8.0
502,136,em_producao,saiu_para_entrega,2025-12-17 16:18:28,23.0
503,136,saiu_para_entrega,entregue,2025-12-17 16:56:28,38.0
504,137,,recebido,2026-05-05 18:36:01,
505,137,recebido,em_producao,2026-05-05 18:42:01,6.0
506,137,em_producao,saiu_para_entrega,2026-05-05 18:58:01,16.0
507,137,saiu_para_entrega,entregue,2026-05-05 19:20:01,22.0
508,138,,recebido,2026-02-21 19:22:22,
509,138,recebido,em_producao,2026-02-21 19:29:22,7.0
510,138,em_producao,saiu_para_entrega,2026-02-21 19:46:22,17.0
511,138,saiu_para_entrega,entregue,2026-02-21 20:10:22,24.0
512,139,,recebido,2025-11-23 18:08:41,
513,139,recebido,em_producao,2025-11-23 18:11:41,3.0
514,139,em_producao,saiu_para_entrega,2025-11-23 18:33:41,22.0
515,139,saiu_para_entrega,entregue,2025-11-23 18:56:41,23.0
516,140,,recebido,2026-03-27 19:18:19,
517,140,recebido,em_producao,2026-03-27 19:28:19,10.0
518,140,em_producao,saiu_para_entrega,2026-03-27 19:45:19,17.0
519,140,saiu_para_entrega,entregue,2026-03-27 20:10:19,25.0
520,141,,recebido,2026-01-17 14:26:25,
521,141,recebido,em_producao,2026-01-17 14:29:25,3.0
522,141,em_producao,saiu_para_entrega,2026-01-17 14:50:25,21.0
523,141,saiu_para_entrega,entregue,2026-01-17 15:15:25,25.0
524,142,,recebido,2026-04-11 21:48:58,
525,142,recebido,em_producao,2026-04-11 21:56:58,8.0
526,142,em_producao,saiu_para_entrega,2026-04-11 22:13:58,17.0
527,142,saiu_para_entrega,entregue,2026-04-11 22:35:58,22.0
528,143,,recebido,2026-02-21 21:32:07,
529,143,recebido,cancelado,2026-02-21 21:34:07,2.0
530,144,,recebido,2025-12-25 15:03:00,
531,144,recebido,em_producao,2025-12-25 15:09:00,6.0
532,144,em_producao,saiu_para_entrega,2025-12-25 15:29:00,20.0
533,144,saiu_para_entrega,entregue,2025-12-25 16:02:00,33.0
534,145,,recebido,2026-05-13 16:53:33,
535,145,recebido,em_producao,2026-05-13 16:56:33,3.0
536,145,em_producao,saiu_para_entrega,2026-05-13 17:18:33,22.0
537,145,saiu_para_entrega,entregue,2026-05-13 17:40:33,22.0
538,146,,recebido,2026-02-13 21:08:21,
539,147,,recebido,2026-01-10 20:39:03,
540,147,recebido,em_producao,2026-01-10 20:42:03,3.0
541,147,em_producao,saiu_para_entrega,2026-01-10 21:00:03,18.0
542,147,saiu_para_entrega,entregue,2026-01-10 21:35:03,35.0
543,148,,recebido,2026-01-12 19:44:08,
544,148,recebido,em_producao,2026-01-12 19:48:08,4.0
545,148,em_producao,saiu_para_entrega,2026-01-12 20:06:08,18.0
546,148,saiu_para_entrega,entregue,2026-01-12 20:30:08,24.0
547,149,,recebido,2026-02-25 22:44:59,
548,149,recebido,em_producao,2026-02-25 22:50:59,6.0
549,149,em_producao,saiu_para_entrega,2026-02-25 23:05:59,15.0
550,149,saiu_para_entrega,entregue,2026-02-25 23:20:59,15.0
551,150,,recebido,2026-04-17 21:00:54,
552,150,recebido,em_producao,2026-04-17 21:05:54,5.0
553,150,em_producao,saiu_para_entrega,2026-04-17 21:30:54,25.0
554,150,saiu_para_entrega,entregue,2026-04-17 21:56:54,26.0
555,151,,recebido,2026-04-02 18:39:24,
556,151,recebido,em_producao,2026-04-02 18:42:24,3.0
557,151,em_producao,saiu_para_entrega,2026-04-02 19:01:24,19.0
558,151,saiu_para_entrega,entregue,2026-04-02 19:31:24,30.0
559,152,,recebido,2026-05-10 16:33:44,
560,152,recebido,em_producao,2026-05-10 16:37:44,4.0
561,152,em_producao,saiu_para_entrega,2026-05-10 17:05:44,28.0
562,152,saiu_para_entrega,entregue,2026-05-10 17:41:44,36.0
563,153,,recebido,2026-01-24 23:03:32,
564,153,recebido,em_producao,2026-01-24 23:12:32,9.0
565,153,em_producao,saiu_para_entrega,2026-01-24 23:39:32,27.0
566,153,saiu_para_entrega,entregue,2026-01-25 00:20:32,41.0
567,154,,recebido,2025-11-21 21:50:38,
568,154,recebido,em_producao,2025-11-21 21:57:38,7.0
569,154,em_producao,saiu_para_entrega,2025-11-21 22:18:38,21.0
570,155,,recebido,2026-03-02 17:06:02,
571,155,recebido,cancelado,2026-03-02 17:19:02,13.0
572,156,,recebido,2026-04-30 20:45:21,
573,156,recebido,em_producao,2026-04-30 20:54:21,9.0
574,156,em_producao,saiu_para_entrega,2026-04-30 21:10:21,16.0
575,156,saiu_para_entrega,entregue,2026-04-30 21:54:21,44.0
576,157,,recebido,2025-12-25 20:08:06,
577,157,recebido,em_producao,2025-12-25 20:16:06,8.0
578,157,em_producao,saiu_para_entrega,2025-12-25 20:43:06,27.0
579,157,saiu_para_entrega,entregue,2025-12-25 21:11:06,28.0
580,158,,recebido,2025-12-26 18:44:40,
581,158,recebido,em_producao,2025-12-26 18:48:40,4.0
582,158,em_producao,saiu_para_entrega,2025-12-26 19:14:40,26.0
583,158,saiu_para_entrega,entregue,2025-12-26 19:46:40,32.0
584,159,,recebido,2025-12-03 20:18:13,
585,159,recebido,em_producao,2025-12-03 20:21:13,3.0
586,159,em_producao,saiu_para_entrega,2025-12-03 20:47:13,26.0
587,159,saiu_para_entrega,entregue,2025-12-03 21:28:13,41.0
588,160,,recebido,2026-05-09 20:55:28,
589,160,recebido,cancelado,2026-05-09 21:08:28,13.0
590,161,,recebido,2026-03-09 14:10:37,
591,161,recebido,cancelado,2026-03-09 14:23:37,13.0
592,162,,recebido,2026-04-23 19:22:04,
593,162,recebido,em_producao,2026-04-23 19:30:04,8.0
594,162,em_producao,saiu_para_entrega,2026-04-23 19:52:04,22.0
595,162,saiu_para_entrega,entregue,2026-04-23 20:37:04,45.0
596,163,,recebido,2026-03-10 21:41:00,
597,163,recebido,em_producao,2026-03-10 21:49:00,8.0
598,163,em_producao,saiu_para_entrega,2026-03-10 22:18:00,29.0
599,163,saiu_para_entrega,entregue,2026-03-10 22:40:00,22.0
600,164,,recebido,2025-12-07 22:10:49,
601,164,recebido,em_producao,2025-12-07 22:13:49,3.0
602,164,em_producao,saiu_para_entrega,2025-12-07 22:30:49,17.0
603,164,saiu_para_entrega,entregue,2025-12-07 22:51:49,21.0
604,165,,recebido,2025-12-05 19:14:58,
605,165,recebido,em_producao,2025-12-05 19:23:58,9.0
606,165,em_producao,saiu_para_entrega,2025-12-05 19:52:58,29.0
607,165,saiu_para_entrega,entregue,2025-12-05 20:27:58,35.0
608,166,,recebido,2026-02-27 08:50:43,
609,166,recebido,em_producao,2026-02-27 08:54:43,4.0
610,166,em_producao,saiu_para_entrega,2026-02-27 09:18:43,24.0
611,166,saiu_para_entrega,entregue,2026-02-27 09:57:43,39.0
612,167,,recebido,2026-01-18 20:58:50,
613,167,recebido,cancelado,2026-01-18 21:13:50,15.0
614,168,,recebido,2026-04-14 22:22:13,
615,168,recebido,em_producao,2026-04-14 22:27:13,5.0
616,168,em_producao,saiu_para_entrega,2026-04-14 22:47:13,20.0
617,168,saiu_para_entrega,entregue,2026-04-14 23:07:13,20.0
618,169,,recebido,2026-01-06 08:39:04,
619,169,recebido,em_producao,2026-01-06 08:47:04,8.0
620,170,,recebido,2026-02-14 14:23:08,
621,170,recebido,em_producao,2026-02-14 14:31:08,8.0
622,170,em_producao,saiu_para_entrega,2026-02-14 15:01:08,30.0
623,170,saiu_para_entrega,entregue,2026-02-14 15:30:08,29.0
624,171,,recebido,2025-11-27 21:37:25,
625,171,recebido,em_producao,2025-11-27 21:43:25,6.0
626,171,em_producao,saiu_para_entrega,2025-11-27 21:59:25,16.0
627,171,saiu_para_entrega,entregue,2025-11-27 22:31:25,32.0
628,172,,recebido,2026-04-03 11:32:08,
629,172,recebido,em_producao,2026-04-03 11:37:08,5.0
630,172,em_producao,saiu_para_entrega,2026-04-03 11:56:08,19.0
631,172,saiu_para_entrega,entregue,2026-04-03 12:34:08,38.0
632,173,,recebido,2026-03-24 21:53:47,
633,173,recebido,em_producao,2026-03-24 21:58:47,5.0
634,173,em_producao,saiu_para_entrega,2026-03-24 22:25:47,27.0
635,173,saiu_para_entrega,entregue,2026-03-24 23:00:47,35.0
636,174,,recebido,2025-12-27 10:38:45,
637,174,recebido,em_producao,2025-12-27 10:44:45,6.0
638,174,em_producao,saiu_para_entrega,2025-12-27 11:12:45,28.0
639,174,saiu_para_entrega,entregue,2025-12-27 11:52:45,40.0
640,175,,recebido,2026-03-01 03:36:09,
641,175,recebido,em_producao,2026-03-01 03:43:09,7.0
642,175,em_producao,saiu_para_entrega,2026-03-01 04:03:09,20.0
643,175,saiu_para_entrega,entregue,2026-03-01 04:34:09,31.0
644,176,,recebido,2026-01-27 22:38:37,
645,176,recebido,em_producao,2026-01-27 22:47:37,9.0
646,176,em_producao,saiu_para_entrega,2026-01-27 23:14:37,27.0
647,176,saiu_para_entrega,entregue,2026-01-27 23:33:37,19.0
648,177,,recebido,2026-02-27 20:05:30,
649,177,recebido,em_producao,2026-02-27 20:08:30,3.0
650,177,em_producao,saiu_para_entrega,2026-02-27 20:36:30,28.0
651,177,saiu_para_entrega,entregue,2026-02-27 21:07:30,31.0
652,178,,recebido,2026-01-15 19:34:26,
653,178,recebido,em_producao,2026-01-15 19:37:26,3.0
654,178,em_producao,saiu_para_entrega,2026-01-15 19:52:26,15.0
655,178,saiu_para_entrega,entregue,2026-01-15 20:25:26,33.0
656,179,,recebido,2026-01-14 23:25:48,
657,179,recebido,em_producao,2026-01-14 23:35:48,10.0
658,179,em_producao,saiu_para_entrega,2026-01-14 23:55:48,20.0
659,179,saiu_para_entrega,entregue,2026-01-15 00:21:48,26.0
660,180,,recebido,2026-04-22 20:10:06,
661,180,recebido,em_producao,2026-04-22 20:19:06,9.0
662,180,em_producao,saiu_para_entrega,2026-04-22 20:44:06,25.0
663,180,saiu_para_entrega,entregue,2026-04-22 21:24:06,40.0
664,181,,recebido,2026-02-07 19:33:18,
665,181,recebido,em_producao,2026-02-07 19:36:18,3.0
666,181,em_producao,saiu_para_entrega,2026-02-07 19:56:18,20.0
667,181,saiu_para_entrega,entregue,2026-02-07 20:31:18,35.0
668,182,,recebido,2025-11-21 23:05:17,
669,182,recebido,em_producao,2025-11-21 23:13:17,8.0
670,182,em_producao,saiu_para_entrega,2025-11-21 23:40:17,27.0
671,182,saiu_para_entrega,entregue,2025-11-22 00:07:17,27.0
672,183,,recebido,2026-02-17 22:36:00,
673,183,recebido,em_producao,2026-02-17 22:45:00,9.0
674,183,em_producao,saiu_para_entrega,2026-02-17 23:03:00,18.0
675,183,saiu_para_entrega,entregue,2026-02-17 23:35:00,32.0
676,184,,recebido,2026-02-23 20:48:21,
677,184,recebido,em_producao,2026-02-23 20:58:21,10.0
678,184,em_producao,saiu_para_entrega,2026-02-23 21:27:21,29.0
679,185,,recebido,2026-01-05 21:26:22,
680,185,recebido,em_producao,2026-01-05 21:29:22,3.0
681,185,em_producao,saiu_para_entrega,2026-01-05 21:52:22,23.0
682,185,saiu_para_entrega,entregue,2026-01-05 22:14:22,22.0
683,186,,recebido,2026-05-17 12:47:12,
684,186,recebido,em_producao,2026-05-17 12:53:12,6.0
685,186,em_producao,saiu_para_entrega,2026-05-17 13:16:12,23.0
686,186,saiu_para_entrega,entregue,2026-05-17 13:37:12,21.0
687,187,,recebido,2026-04-18 22:17:25,
688,187,recebido,em_producao,2026-04-18 22:22:25,5.0
689,187,em_producao,saiu_para_entrega,2026-04-18 22:38:25,16.0
690,187,saiu_para_entrega,entregue,2026-04-18 23:09:25,31.0
691,188,,recebido,2026-01-01 17:06:20,
692,188,recebido,em_producao,2026-01-01 17:13:20,7.0
693,188,em_producao,saiu_para_entrega,2026-01-01 17:33:20,20.0
694,188,saiu_para_entrega,entregue,2026-01-01 18:05:20,32.0
695,189,,recebido,2026-04-28 08:17:51,
696,189,recebido,em_producao,2026-04-28 08:26:51,9.0
697,189,em_producao,saiu_para_entrega,2026-04-28 08:53:51,27.0
698,189,saiu_para_entrega,entregue,2026-04-28 09:14:51,21.0
699,190,,recebido,2026-03-23 08:47:21,
700,190,recebido,em_producao,2026-03-23 08:55:21,8.0
701,190,em_producao,saiu_para_entrega,2026-03-23 09:18:21,23.0
702,190,saiu_para_entrega,entregue,2026-03-23 09:44:21,26.0
703,191,,recebido,2026-01-16 18:09:55,
704,191,recebido,em_producao,2026-01-16 18:17:55,8.0
705,191,em_producao,saiu_para_entrega,2026-01-16 18:45:55,28.0
706,191,saiu_para_entrega,entregue,2026-01-16 19:20:55,35.0
707,192,,recebido,2026-03-02 23:26:10,
708,192,recebido,em_producao,2026-03-02 23:29:10,3.0
709,192,em_producao,saiu_para_entrega,2026-03-02 23:48:10,19.0
710,192,saiu_para_entrega,entregue,2026-03-03 00:26:10,38.0
711,193,,recebido,2025-12-21 07:59:56,
712,193,recebido,em_producao,2025-12-21 08:05:56,6.0
713,193,em_producao,saiu_para_entrega,2025-12-21 08:27:56,22.0
714,193,saiu_para_entrega,entregue,2025-12-21 09:05:56,38.0
715,194,,recebido,2026-03-17 18:47:40,
716,194,recebido,cancelado,2026-03-17 18:54:40,7.0
717,195,,recebido,2026-05-05 09:18:30,
718,195,recebido,em_producao,2026-05-05 09:28:30,10.0
719,195,em_producao,saiu_para_entrega,2026-05-05 09:58:30,30.0
720,195,saiu_para_entrega,entregue,2026-05-05 10:22:30,24.0
721,196,,recebido,2026-01-03 14:27:40,
722,196,recebido,em_producao,2026-01-03 14:34:40,7.0
723,196,em_producao,saiu_para_entrega,2026-01-03 14:58:40,24.0
724,196,saiu_para_entrega,entregue,2026-01-03 15:33:40,35.0
725,197,,recebido,2026-01-15 14:45:28,
726,197,recebido,em_producao,2026-01-15 14:51:28,6.0
727,197,em_producao,saiu_para_entrega,2026-01-15 15:08:28,17.0
728,197,saiu_para_entrega,entregue,2026-01-15 15:27:28,19.0
729,198,,recebido,2026-01-12 20:04:34,
730,198,recebido,em_producao,2026-01-12 20:10:34,6.0
731,198,em_producao,saiu_para_entrega,2026-01-12 20:33:34,23.0
732,198,saiu_para_entrega,entregue,2026-01-12 21:14:34,41.0
733,199,,recebido,2026-03-02 19:13:30,
734,199,recebido,em_producao,2026-03-02 19:20:30,7.0
735,199,em_producao,saiu_para_entrega,2026-03-02 19:45:30,25.0
736,199,saiu_para_entrega,entregue,2026-03-02 20:05:30,20.0
737,200,,recebido,2026-04-24 14:07:25,
738,200,recebido,em_producao,2026-04-24 14:10:25,3.0
739,200,em_producao,saiu_para_entrega,2026-04-24 14:26:25,16.0
740,200,saiu_para_entrega,entregue,2026-04-24 14:59:25,33.0
741,201,,recebido,2026-04-24 08:31:14,
742,201,recebido,em_producao,2026-04-24 08:39:14,8.0
743,201,em_producao,saiu_para_entrega,2026-04-24 09:08:14,29.0
744,201,saiu_para_entrega,entregue,2026-04-24 09:46:14,38.0
745,202,,recebido,2025-12-22 05:09:28,
746,202,recebido,em_producao,2025-12-22 05:16:28,7.0
747,202,em_producao,saiu_para_entrega,2025-12-22 05:42:28,26.0
748,202,saiu_para_entrega,entregue,2025-12-22 06:11:28,29.0
749,203,,recebido,2026-03-20 14:26:41,
750,203,recebido,em_producao,2026-03-20 14:30:41,4.0
751,203,em_producao,saiu_para_entrega,2026-03-20 14:47:41,17.0
752,203,saiu_para_entrega,entregue,2026-03-20 15:03:41,16.0
753,204,,recebido,2025-12-01 16:38:45,
754,204,recebido,em_producao,2025-12-01 16:44:45,6.0
755,204,em_producao,saiu_para_entrega,2025-12-01 17:14:45,30.0
756,204,saiu_para_entrega,entregue,2025-12-01 17:58:45,44.0
757,205,,recebido,2025-12-05 21:04:13,
758,205,recebido,em_producao,2025-12-05 21:08:13,4.0
759,205,em_producao,saiu_para_entrega,2025-12-05 21:26:13,18.0
760,206,,recebido,2026-02-10 20:49:40,
761,206,recebido,em_producao,2026-02-10 20:59:40,10.0
762,206,em_producao,saiu_para_entrega,2026-02-10 21:27:40,28.0
763,206,saiu_para_entrega,entregue,2026-02-10 22:10:40,43.0
764,207,,recebido,2026-05-20 20:23:28,
765,207,recebido,em_producao,2026-05-20 20:32:28,9.0
766,207,em_producao,saiu_para_entrega,2026-05-20 20:47:28,15.0
767,207,saiu_para_entrega,entregue,2026-05-20 21:25:28,38.0
768,208,,recebido,2026-03-09 19:36:09,
769,208,recebido,em_producao,2026-03-09 19:46:09,10.0
770,208,em_producao,saiu_para_entrega,2026-03-09 20:12:09,26.0
771,208,saiu_para_entrega,entregue,2026-03-09 20:31:09,19.0
772,209,,recebido,2026-04-30 22:44:36,
773,209,recebido,em_producao,2026-04-30 22:48:36,4.0
774,209,em_producao,saiu_para_entrega,2026-04-30 23:12:36,24.0
775,209,saiu_para_entrega,entregue,2026-04-30 23:28:36,16.0
776,210,,recebido,2025-11-29 15:36:09,
777,210,recebido,em_producao,2025-11-29 15:42:09,6.0
778,210,em_producao,saiu_para_entrega,2025-11-29 16:01:09,19.0
779,210,saiu_para_entrega,entregue,2025-11-29 16:17:09,16.0
780,211,,recebido,2026-02-22 19:31:25,
781,211,recebido,em_producao,2026-02-22 19:37:25,6.0
782,211,em_producao,saiu_para_entrega,2026-02-22 19:59:25,22.0
783,211,saiu_para_entrega,entregue,2026-02-22 20:21:25,22.0
784,212,,recebido,2026-02-15 03:52:14,
785,212,recebido,em_producao,2026-02-15 04:00:14,8.0
786,212,em_producao,saiu_para_entrega,2026-02-15 04:19:14,19.0
787,212,saiu_para_entrega,entregue,2026-02-15 04:58:14,39.0
788,213,,recebido,2026-03-03 20:35:30,
789,213,recebido,em_producao,2026-03-03 20:40:30,5.0
790,213,em_producao,saiu_para_entrega,2026-03-03 20:55:30,15.0
791,213,saiu_para_entrega,entregue,2026-03-03 21:22:30,27.0
792,214,,recebido,2025-11-25 15:56:41,
793,214,recebido,em_producao,2025-11-25 16:05:41,9.0
794,214,em_producao,saiu_para_entrega,2025-11-25 16:23:41,18.0
795,214,saiu_para_entrega,entregue,2025-11-25 17:06:41,43.0
796,215,,recebido,2026-01-14 21:40:16,
797,215,recebido,cancelado,2026-01-14 21:44:16,4.0
798,216,,recebido,2026-02-10 13:09:27,
799,216,recebido,em_producao,2026-02-10 13:17:27,8.0
800,216,em_producao,saiu_para_entrega,2026-02-10 13:46:27,29.0
801,217,,recebido,2025-12-04 19:46:07,
802,217,recebido,em_producao,2025-12-04 19:51:07,5.0
803,217,em_producao,saiu_para_entrega,2025-12-04 20:06:07,15.0
804,217,saiu_para_entrega,entregue,2025-12-04 20:45:07,39.0
805,218,,recebido,2026-05-04 19:45:41,
806,218,recebido,em_producao,2026-05-04 19:54:41,9.0
807,218,em_producao,saiu_para_entrega,2026-05-04 20:24:41,30.0
808,218,saiu_para_entrega,entregue,2026-05-04 20:54:41,30.0
809,219,,recebido,2026-02-14 21:31:44,
810,219,recebido,em_producao,2026-02-14 21:41:44,10.0
811,219,em_producao,saiu_para_entrega,2026-02-14 22:03:44,22.0
812,219,saiu_para_entrega,entregue,2026-02-14 22:31:44,28.0
813,220,,recebido,2026-02-17 18:56:02,
814,220,recebido,cancelado,2026-02-17 18:58:02,2.0
815,221,,recebido,2026-02-19 11:18:39,
816,221,recebido,em_producao,2026-02-19 11:23:39,5.0
817,222,,recebido,2026-02-17 02:29:37,
818,222,recebido,cancelado,2026-02-17 02:35:37,6.0
819,223,,recebido,2025-11-30 20:58:21,
820,223,recebido,em_producao,2025-11-30 21:03:21,5.0
821,223,em_producao,saiu_para_entrega,2025-11-30 21:23:21,20.0
822,223,saiu_para_entrega,entregue,2025-11-30 22:05:21,42.0
823,224,,recebido,2025-11-22 19:31:15,
824,224,recebido,em_producao,2025-11-22 19:41:15,10.0
825,224,em_producao,saiu_para_entrega,2025-11-22 20:10:15,29.0
826,224,saiu_para_entrega,entregue,2025-11-22 20:38:15,28.0
827,225,,recebido,2025-12-08 04:26:11,
828,225,recebido,em_producao,2025-12-08 04:33:11,7.0
829,225,em_producao,saiu_para_entrega,2025-12-08 04:53:11,20.0
830,225,saiu_para_entrega,entregue,2025-12-08 05:38:11,45.0
831,226,,recebido,2026-01-01 19:06:36,
832,226,recebido,em_producao,2026-01-01 19:10:36,4.0
833,226,em_producao,saiu_para_entrega,2026-01-01 19:40:36,30.0
834,226,saiu_para_entrega,entregue,2026-01-01 20:18:36,38.0
835,227,,recebido,2025-12-31 21:26:26,
836,227,recebido,em_producao,2025-12-31 21:34:26,8.0
837,227,em_producao,saiu_para_entrega,2025-12-31 21:55:26,21.0
838,227,saiu_para_entrega,entregue,2025-12-31 22:10:26,15.0
839,228,,recebido,2026-05-18 18:02:41,
840,228,recebido,em_producao,2026-05-18 18:07:41,5.0
841,228,em_producao,saiu_para_entrega,2026-05-18 18:36:41,29.0
842,228,saiu_para_entrega,entregue,2026-05-18 19:19:41,43.0
843,229,,recebido,2026-01-14 21:21:24,
844,229,recebido,em_producao,2026-01-14 21:26:24,5.0
845,229,em_producao,saiu_para_entrega,2026-01-14 21:53:24,27.0
846,229,saiu_para_entrega,entregue,2026-01-14 22:13:24,20.0
847,230,,recebido,2025-11-26 21:57:32,
848,230,recebido,em_producao,2025-11-26 22:05:32,8.0
849,230,em_producao,saiu_para_entrega,2025-11-26 22:35:32,30.0
850,230,saiu_para_entrega,entregue,2025-11-26 23:13:32,38.0
851,231,,recebido,2026-04-11 03:24:45,
852,231,recebido,cancelado,2026-04-11 03:26:45,2.0
853,232,,recebido,2026-01-16 14:20:49,
854,232,recebido,em_producao,2026-01-16 14:24:49,4.0
855,232,em_producao,saiu_para_entrega,2026-01-16 14:47:49,23.0
856,232,saiu_para_entrega,entregue,2026-01-16 15:06:49,19.0
857,233,,recebido,2025-11-27 18:43:03,
858,233,recebido,em_producao,2025-11-27 18:46:03,3.0
859,233,em_producao,saiu_para_entrega,2025-11-27 19:03:03,17.0
860,233,saiu_para_entrega,entregue,2025-11-27 19:31:03,28.0
861,234,,recebido,2026-01-20 20:45:49,
862,234,recebido,em_producao,2026-01-20 20:51:49,6.0
863,234,em_producao,saiu_para_entrega,2026-01-20 21:13:49,22.0
864,234,saiu_para_entrega,entregue,2026-01-20 21:32:49,19.0
865,235,,recebido,2026-02-08 21:50:06,
866,235,recebido,em_producao,2026-02-08 21:54:06,4.0
867,235,em_producao,saiu_para_entrega,2026-02-08 22:18:06,24.0
868,235,saiu_para_entrega,entregue,2026-02-08 22:50:06,32.0
869,236,,recebido,2026-03-11 20:34:44,
870,236,recebido,em_producao,2026-03-11 20:38:44,4.0
871,236,em_producao,saiu_para_entrega,2026-03-11 21:08:44,30.0
872,236,saiu_para_entrega,entregue,2026-03-11 21:26:44,18.0
873,237,,recebido,2026-02-25 19:03:05,
874,237,recebido,em_producao,2026-02-25 19:08:05,5.0
875,237,em_producao,saiu_para_entrega,2026-02-25 19:23:05,15.0
876,237,saiu_para_entrega,entregue,2026-02-25 20:02:05,39.0
877,238,,recebido,2026-01-27 23:37:00,
878,238,recebido,em_producao,2026-01-27 23:46:00,9.0
879,238,em_producao,saiu_para_entrega,2026-01-28 00:05:00,19.0
880,238,saiu_para_entrega,entregue,2026-01-28 00:47:00,42.0
881,239,,recebido,2026-03-22 15:24:25,
882,239,recebido,em_producao,2026-03-22 15:30:25,6.0
883,239,em_producao,saiu_para_entrega,2026-03-22 15:50:25,20.0
884,239,saiu_para_entrega,entregue,2026-03-22 16:20:25,30.0
885,240,,recebido,2026-05-14 20:38:59,
886,240,recebido,em_producao,2026-05-14 20:43:59,5.0
887,240,em_producao,saiu_para_entrega,2026-05-14 21:12:59,29.0
888,240,saiu_para_entrega,entregue,2026-05-14 21:43:59,31.0
889,241,,recebido,2026-01-31 02:02:36,
890,241,recebido,em_producao,2026-01-31 02:10:36,8.0
891,241,em_producao,saiu_para_entrega,2026-01-31 02:28:36,18.0
892,241,saiu_para_entrega,entregue,2026-01-31 03:01:36,33.0
893,242,,recebido,2026-03-06 21:19:39,
894,242,recebido,em_producao,2026-03-06 21:27:39,8.0
895,242,em_producao,saiu_para_entrega,2026-03-06 21:42:39,15.0
896,242,saiu_para_entrega,entregue,2026-03-06 22:12:39,30.0
897,243,,recebido,2025-12-07 09:04:54,
898,243,recebido,em_producao,2025-12-07 09:11:54,7.0
899,243,em_producao,saiu_para_entrega,2025-12-07 09:30:54,19.0
900,243,saiu_para_entrega,entregue,2025-12-07 10:04:54,34.0
901,244,,recebido,2025-12-07 23:38:59,
902,244,recebido,cancelado,2025-12-07 23:46:59,8.0
903,245,,recebido,2026-02-06 18:30:47,
904,245,recebido,em_producao,2026-02-06 18:36:47,6.0
905,245,em_producao,saiu_para_entrega,2026-02-06 19:03:47,27.0
906,246,,recebido,2025-12-10 22:40:22,
907,246,recebido,em_producao,2025-12-10 22:49:22,9.0
908,246,em_producao,saiu_para_entrega,2025-12-10 23:12:22,23.0
909,247,,recebido,2026-03-07 00:00:53,
910,247,recebido,em_producao,2026-03-07 00:09:53,9.0
911,247,em_producao,saiu_para_entrega,2026-03-07 00:27:53,18.0
912,247,saiu_para_entrega,entregue,2026-03-07 00:58:53,31.0
913,248,,recebido,2026-03-17 19:45:07,
914,248,recebido,em_producao,2026-03-17 19:50:07,5.0
915,248,em_producao,saiu_para_entrega,2026-03-17 20:17:07,27.0
916,248,saiu_para_entrega,entregue,2026-03-17 20:53:07,36.0
917,249,,recebido,2025-12-05 14:03:24,
918,249,recebido,em_producao,2025-12-05 14:06:24,3.0
919,249,em_producao,saiu_para_entrega,2025-12-05 14:29:24,23.0
920,249,saiu_para_entrega,entregue,2025-12-05 15:14:24,45.0
921,250,,recebido,2026-01-10 08:04:04,
922,250,recebido,em_producao,2026-01-10 08:11:04,7.0
923,250,em_producao,saiu_para_entrega,2026-01-10 08:40:04,29.0
924,250,saiu_para_entrega,entregue,2026-01-10 08:55:04,15.0
925,251,,recebido,2026-02-07 21:49:51,
926,251,recebido,em_producao,2026-02-07 21:55:51,6.0
927,251,em_producao,saiu_para_entrega,2026-02-07 22:10:51,15.0
928,251,saiu_para_entrega,entregue,2026-02-07 22:37:51,27.0
929,252,,recebido,2026-03-27 12:35:02,
930,252,recebido,em_producao,2026-03-27 12:41:02,6.0
931,252,em_producao,saiu_para_entrega,2026-03-27 13:05:02,24.0
932,253,,recebido,2026-01-06 18:04:50,
933,253,recebido,em_producao,2026-01-06 18:11:50,7.0
934,253,em_producao,saiu_para_entrega,2026-01-06 18:41:50,30.0
935,253,saiu_para_entrega,entregue,2026-01-06 19:13:50,32.0
936,254,,recebido,2026-05-20 06:47:09,
937,254,recebido,em_producao,2026-05-20 06:50:09,3.0
938,254,em_producao,saiu_para_entrega,2026-05-20 07:20:09,30.0
939,254,saiu_para_entrega,entregue,2026-05-20 08:04:09,44.0
940,255,,recebido,2025-12-12 08:38:51,
941,255,recebido,em_producao,2025-12-12 08:42:51,4.0
942,255,em_producao,saiu_para_entrega,2025-12-12 09:03:51,21.0
943,255,saiu_para_entrega,entregue,2025-12-12 09:31:51,28.0
944,256,,recebido,2026-04-05 17:10:28,
945,256,recebido,em_producao,2026-04-05 17:13:28,3.0
946,256,em_producao,saiu_para_entrega,2026-04-05 17:32:28,19.0
947,256,saiu_para_entrega,entregue,2026-04-05 17:50:28,18.0
948,257,,recebido,2025-12-16 12:40:17,
949,257,recebido,em_producao,2025-12-16 12:49:17,9.0
950,257,em_producao,saiu_para_entrega,2025-12-16 13:11:17,22.0
951,257,saiu_para_entrega,entregue,2025-12-16 13:56:17,45.0
952,258,,recebido,2026-02-28 13:49:40,
953,258,recebido,em_producao,2026-02-28 13:56:40,7.0
954,258,em_producao,saiu_para_entrega,2026-02-28 14:12:40,16.0
955,258,saiu_para_entrega,entregue,2026-02-28 14:33:40,21.0
956,259,,recebido,2026-05-13 20:02:06,
957,259,recebido,em_producao,2026-05-13 20:07:06,5.0
958,259,em_producao,saiu_para_entrega,2026-05-13 20:27:06,20.0
959,259,saiu_para_entrega,entregue,2026-05-13 21:07:06,40.0
960,260,,recebido,2026-04-13 17:12:24,
961,260,recebido,cancelado,2026-04-13 17:21:24,9.0
962,261,,recebido,2026-01-25 09:44:36,
963,261,recebido,em_producao,2026-01-25 09:49:36,5.0
964,261,em_producao,saiu_para_entrega,2026-01-25 10:07:36,18.0
965,261,saiu_para_entrega,entregue,2026-01-25 10:49:36,42.0
966,262,,recebido,2026-03-08 21:05:26,
967,262,recebido,cancelado,2026-03-08 21:14:26,9.0
968,263,,recebido,2025-12-20 22:57:00,
969,263,recebido,em_producao,2025-12-20 23:00:00,3.0
970,263,em_producao,saiu_para_entrega,2025-12-20 23:16:00,16.0
971,263,saiu_para_entrega,entregue,2025-12-20 23:46:00,30.0
972,264,,recebido,2026-02-08 22:08:22,
973,264,recebido,em_producao,2026-02-08 22:12:22,4.0
974,264,em_producao,saiu_para_entrega,2026-02-08 22:27:22,15.0
975,264,saiu_para_entrega,entregue,2026-02-08 22:57:22,30.0
976,265,,recebido,2026-03-23 18:40:00,
977,265,recebido,cancelado,2026-03-23 18:53:00,13.0
978,266,,recebido,2025-12-07 19:21:47,
979,266,recebido,em_producao,2025-12-07 19:29:47,8.0
980,267,,recebido,2025-12-31 10:21:15,
981,267,recebido,em_producao,2025-12-31 10:31:15,10.0
982,267,em_producao,saiu_para_entrega,2025-12-31 10:52:15,21.0
983,267,saiu_para_entrega,entregue,2025-12-31 11:31:15,39.0
984,268,,recebido,2026-02-01 21:44:51,
985,268,recebido,em_producao,2026-02-01 21:48:51,4.0
986,268,em_producao,saiu_para_entrega,2026-02-01 22:09:51,21.0
987,269,,recebido,2025-12-31 18:40:01,
988,269,recebido,em_producao,2025-12-31 18:45:01,5.0
989,269,em_producao,saiu_para_entrega,2025-12-31 19:15:01,30.0
990,269,saiu_para_entrega,entregue,2025-12-31 19:41:01,26.0
991,270,,recebido,2025-12-17 22:19:10,
992,270,recebido,em_producao,2025-12-17 22:25:10,6.0
993,270,em_producao,saiu_para_entrega,2025-12-17 22:55:10,30.0
994,270,saiu_para_entrega,entregue,2025-12-17 23:21:10,26.0
995,271,,recebido,2026-02-15 14:11:13,
996,271,recebido,em_producao,2026-02-15 14:14:13,3.0
997,271,em_producao,saiu_para_entrega,2026-02-15 14:39:13,25.0
998,271,saiu_para_entrega,entregue,2026-02-15 15:05:13,26.0
999,272,,recebido,2025-11-22 23:34:32,
1000,272,recebido,em_producao,2025-11-22 23:41:32,7.0
1001,272,em_producao,saiu_para_entrega,2025-11-23 00:11:32,30.0
1002,272,saiu_para_entrega,entregue,2025-11-23 00:54:32,43.0
1003,273,,recebido,2026-04-19 14:01:05,
1004,273,recebido,em_producao,2026-04-19 14:11:05,10.0
1005,273,em_producao,saiu_para_entrega,2026-04-19 14:28:05,17.0
1006,273,saiu_para_entrega,entregue,2026-04-19 14:59:05,31.0
1007,274,,recebido,2026-05-10 19:13:46,
1008,274,recebido,cancelado,2026-05-10 19:17:46,4.0
1009,275,,recebido,2026-03-09 18:36:48,
1010,275,recebido,em_producao,2026-03-09 18:42:48,6.0
1011,276,,recebido,2025-12-15 19:57:18,
1012,276,recebido,em_producao,2025-12-15 20:07:18,10.0
1013,276,em_producao,saiu_para_entrega,2025-12-15 20:29:18,22.0
1014,276,saiu_para_entrega,entregue,2025-12-15 20:44:18,15.0
1015,277,,recebido,2026-04-12 19:54:16,
1016,277,recebido,em_producao,2026-04-12 19:57:16,3.0
1017,277,em_producao,saiu_para_entrega,2026-04-12 20:16:16,19.0
1018,277,saiu_para_entrega,entregue,2026-04-12 20:41:16,25.0
1019,278,,recebido,2026-03-17 20:34:20,
1020,278,recebido,cancelado,2026-03-17 20:47:20,13.0
1021,279,,recebido,2025-12-11 12:32:14,
1022,279,recebido,cancelado,2025-12-11 12:35:14,3.0
1023,280,,recebido,2026-01-26 11:19:01,
1024,280,recebido,em_producao,2026-01-26 11:23:01,4.0
1025,280,em_producao,saiu_para_entrega,2026-01-26 11:45:01,22.0
1026,280,saiu_para_entrega,entregue,2026-01-26 12:04:01,19.0
